id,created_at,updated_at,is_watched,show_on,video_details_id_id,hotel_id_id,flag
1,"2018-03-22 13:28:08.618765","2018-03-22 13:28:08.618249",1,"2018-03-22 13:28:08.618779",2,1,T
2,"2018-05-07 09:52:32.643929","2018-03-09 06:37:16.807516",1,"2018-05-07 09:52:32.643971",2,1,T
3,"2018-05-07 09:52:32.775555","2018-03-09 07:04:04.776813",1,"2018-05-07 09:52:32.775597",2,1,T
4,"2018-05-07 09:52:32.877566","2018-03-09 07:21:58.851877",1,"2018-05-07 09:52:32.877617",2,1,T
5,"2018-05-07 09:52:32.982142","2018-03-09 07:21:58.862541",1,"2018-05-07 09:52:32.982175",11,1,T
6,"2018-05-07 09:52:33.083977","2018-03-09 08:30:22.938432",1,"2018-05-07 09:52:33.084032",2,1,T
7,"2018-05-07 09:52:33.192023","2018-03-09 08:58:40.810726",1,"2018-05-07 09:52:33.192040",24,1,T
8,"2018-05-07 09:52:33.293026","2018-03-09 08:56:51.507855",1,"2018-05-07 09:52:33.293067",26,1,T
9,"2018-05-07 09:52:33.396048","2018-03-09 09:47:16.233202",1,"2018-05-07 09:52:33.396089",2,1,T
10,"2018-05-07 09:52:33.572308","2018-03-09 09:47:16.241465",1,"2018-05-07 09:52:33.572355",8,1,T
11,"2018-04-05 12:37:17.443801","2018-04-05 12:37:17.442806",1,"2018-04-05 12:37:17.443816",9,1,T
12,"2018-04-11 12:37:17.726030","2018-04-11 12:37:17.725039",1,"2018-04-11 12:37:17.726044",23,1,T
13,"2018-05-07 09:52:33.678466","2018-03-09 09:59:18.040205",1,"2018-05-07 09:52:33.678510",23,1,T
14,"2018-05-07 09:52:33.782083","2018-03-09 10:18:38.617796",1,"2018-05-07 09:52:33.782136",2,1,T
15,"2018-05-07 09:52:33.885789","2018-03-09 10:18:38.629384",1,"2018-05-07 09:52:33.885835",8,1,T
16,"2018-05-07 09:52:33.987718","2018-03-09 10:18:38.635009",1,"2018-05-07 09:52:33.987766",9,1,T
17,"2018-05-07 09:52:34.091283","2018-03-09 10:30:50.639454",1,"2018-05-07 09:52:34.091329",2,1,T
18,"2018-05-07 09:52:34.196206","2018-03-09 10:36:38.277812",1,"2018-05-07 09:52:34.196255",2,2,T
19,"2018-05-07 09:52:34.338912","2018-03-10 08:14:47.257935",1,"2018-05-07 09:52:34.338967",2,1,T
20,"2018-05-07 09:52:34.443161","2018-03-13 10:17:17.943741",1,"2018-05-07 09:52:34.443206",23,1,T
21,"2018-05-07 09:52:34.546803","2018-03-15 12:33:09.936993",1,"2018-05-07 09:52:34.546844",7,1,T
22,"2018-05-07 09:52:34.650575","2018-03-13 10:17:17.958365",1,"2018-05-07 09:52:34.650622",10,1,T
23,"2018-05-07 09:52:34.754286","2018-03-14 10:17:25.887838",1,"2018-05-07 09:52:34.754329",2,1,T
24,"2018-05-07 09:52:34.856970","2018-03-14 10:17:25.896102",1,"2018-05-07 09:52:34.857014",35,1,T
25,"2018-05-07 09:52:34.959394","2018-03-14 10:17:25.901852",1,"2018-05-07 09:52:34.959413",37,1,T
26,"2018-05-07 09:52:35.061352","2018-03-15 10:40:38.384281",1,"2018-05-07 09:52:35.061397",2,1,T
27,"2018-05-07 09:52:35.167276","2018-03-15 10:40:38.390556",1,"2018-05-07 09:52:35.167318",35,1,T
28,"2018-05-07 09:52:35.270366","2018-03-15 10:40:38.398689",1,"2018-05-07 09:52:35.270384",37,1,T
29,"2018-05-07 09:52:35.373662","2018-03-19 17:20:31.275072",1,"2018-05-07 09:52:35.373707",2,2,T
30,"2018-04-23 08:47:42.473333","2018-04-23 08:47:42.472291",1,"2018-04-23 08:47:42.473346",35,2,T
31,"2018-05-07 09:52:35.477881","2018-03-26 07:15:39.405927",1,"2018-05-07 09:52:35.477928",37,2,T
32,"2018-03-20 13:53:42.501443","2018-03-20 13:53:42.501024",1,"2018-03-20 13:53:42.501455",137,1,T
33,"2018-03-20 13:57:19.199738","2018-03-20 13:57:19.199378",1,"2018-03-20 13:57:19.199749",138,1,T
34,"2018-05-07 09:52:35.583319","2018-03-20 19:40:19.305728",1,"2018-05-07 09:52:35.583364",23,2,T
35,"2018-05-07 09:52:35.686223","2018-03-20 19:40:19.314554",1,"2018-05-07 09:52:35.686267",7,2,T
36,"2018-05-07 09:52:35.788877","2018-03-20 19:40:19.321256",1,"2018-05-07 09:52:35.788939",10,2,T
37,"2018-05-07 09:52:35.892536","2018-03-22 05:37:49.757061",1,"2018-05-07 09:52:35.892579",8,2,T
38,"2018-04-20 08:12:29.747410","2018-04-20 08:12:29.746440",1,"2018-04-20 08:12:29.747425",9,2,T
39,"2018-05-07 09:52:35.996204","2018-03-22 11:15:19.283145",1,"2018-05-07 09:52:35.996250",2,1,T
40,"2018-05-07 09:52:36.099734","2018-03-22 11:15:19.289653",1,"2018-05-07 09:52:36.099775",35,1,T
41,"2018-05-07 09:52:36.201366","2018-03-22 11:15:19.296121",1,"2018-05-07 09:52:36.201412",37,1,T
42,"2018-05-07 09:52:36.304305","2018-03-23 05:17:35.544322",1,"2018-05-07 09:52:36.304346",2,2,T
43,"2018-05-07 09:52:36.406272","2018-03-23 05:17:35.550669",1,"2018-05-07 09:52:36.406314",35,2,T
44,"2018-05-07 09:52:36.550728","2018-03-23 05:17:35.556790",1,"2018-05-07 09:52:36.550772",37,2,T
45,"2018-03-24 08:56:56.507411","2018-03-24 08:56:56.506336",1,"2018-03-24 08:56:56.507424",25,2,T
46,"2018-05-07 09:52:36.653162","2018-03-24 08:57:08.843742",1,"2018-05-07 09:52:36.653203",163,1,T
47,"2018-05-07 09:52:36.755083","2018-03-26 07:11:08.591530",1,"2018-05-07 09:52:36.755124",18,2,T
48,"2018-05-07 09:52:36.857288","2018-03-26 07:13:32.145154",1,"2018-05-07 09:52:36.857328",19,2,T
49,"2018-04-19 10:32:43.156341","2018-04-19 10:32:43.155230",1,"2018-04-19 10:32:43.156359",80,2,T
50,"2018-05-07 09:52:36.962229","2018-03-26 09:36:19.968196",1,"2018-05-07 09:52:36.962249",163,2,T
51,"2018-05-07 09:52:37.064197","2018-03-26 10:52:48.761064",1,"2018-05-07 09:52:37.064243",162,2,T
52,"2018-05-07 09:52:37.168879","2018-03-26 10:52:05.721989",1,"2018-05-07 09:52:37.168923",72,2,T
53,"2018-05-07 09:52:37.271285","2018-03-26 10:52:27.115792",1,"2018-05-07 09:52:37.271343",25,2,T
54,"2018-05-07 09:52:37.373513","2018-03-27 10:05:33.846219",1,"2018-05-07 09:52:37.373574",2,1,T
55,"2018-05-07 09:52:37.476773","2018-03-27 10:05:33.856228",1,"2018-05-07 09:52:37.476820",35,1,T
56,"2018-05-07 09:52:37.580336","2018-03-27 10:05:33.865857",1,"2018-05-07 09:52:37.580382",37,1,T
57,"2018-03-27 13:08:00.971309","2018-03-27 13:08:00.970358",1,"2018-03-27 13:08:00.971326",62,1,T
58,"2018-05-07 09:52:37.684118","2018-03-28 05:52:37.954503",1,"2018-05-07 09:52:37.684171",2,2,T
59,"2018-05-07 09:52:37.786037","2018-03-28 05:52:37.965092",1,"2018-05-07 09:52:37.786082",35,2,T
60,"2018-05-07 09:52:37.897440","2018-03-28 05:52:37.975184",1,"2018-05-07 09:52:37.897485",37,2,T
61,"2018-04-18 06:51:31.732510","2018-04-18 06:51:31.731403",1,"2018-04-18 06:51:31.732525",134,2,T
62,"2018-05-07 09:52:38.000993","2018-03-28 09:33:22.665633",1,"2018-05-07 09:52:38.001075",134,1,T
63,"2018-03-28 12:50:37.673167","2018-03-28 12:50:37.672255",1,"2018-03-28 12:50:37.673179",57,1,T
64,"2018-03-28 12:52:00.544586","2018-03-28 12:52:00.543679",1,"2018-03-28 12:52:00.544598",160,1,T
65,"2018-05-07 09:52:38.103704","2018-03-29 11:13:02.446588",1,"2018-05-07 09:52:38.103750",2,1,T
66,"2018-05-07 09:52:38.211639","2018-03-29 11:13:02.456699",1,"2018-05-07 09:52:38.211691",35,1,T
67,"2018-05-07 09:52:38.315870","2018-03-29 11:13:02.465986",1,"2018-05-07 09:52:38.315925",37,1,T
68,"2018-05-07 09:52:38.418576","2018-04-03 05:06:26.153235",1,"2018-05-07 09:52:38.418631",2,2,T
69,"2018-05-07 09:52:39.131458","2018-04-03 05:06:26.163301",1,"2018-05-07 09:52:39.131503",35,2,T
70,"2018-05-07 09:52:39.234335","2018-04-03 05:06:26.172823",1,"2018-05-07 09:52:39.234378",37,2,T
71,"2018-05-07 09:52:39.338996","2018-04-03 10:59:28.908800",1,"2018-05-07 09:52:39.339045",2,1,T
72,"2018-05-07 09:52:39.445853","2018-04-03 10:59:28.919799",1,"2018-05-07 09:52:39.445899",35,1,T
73,"2018-05-07 09:52:39.557803","2018-04-03 10:59:28.928518",1,"2018-05-07 09:52:39.557849",37,1,T
74,"2018-04-03 13:01:57.595056","2018-04-03 13:01:57.594182",1,"2018-04-03 13:01:57.595068",144,1,T
75,"2018-05-07 09:52:39.674481","2018-04-04 04:41:26.641134",1,"2018-05-07 09:52:39.674528",80,2,T
76,"2018-05-07 09:52:39.780525","2018-04-05 05:50:01.536119",1,"2018-05-07 09:52:39.780570",2,2,R
77,"2018-05-07 09:52:39.887192","2018-04-05 05:50:01.546160",1,"2018-05-07 09:52:39.887235",35,2,R
78,"2018-05-07 09:52:40.067514","2018-04-05 05:50:01.555939",1,"2018-05-07 09:52:40.067558",37,2,R
79,"2018-05-07 09:52:40.171140","2018-04-05 05:50:01.569801",1,"2018-05-07 09:52:40.171185",36,2,R
80,"2018-05-07 09:52:40.274904","2018-04-05 05:50:01.584404",1,"2018-05-07 09:52:40.274950",29,2,T
81,"2018-05-07 09:52:40.377281","2018-04-05 05:50:01.594018",1,"2018-05-07 09:52:40.377297",30,2,T
82,"2018-05-07 09:52:40.480286","2018-04-05 05:50:01.604323",1,"2018-05-07 09:52:40.480331",32,2,T
83,"2018-05-07 09:52:40.585837","2018-04-05 05:50:01.614583",1,"2018-05-07 09:52:40.585881",33,2,T
84,"2018-05-07 09:52:40.689375","2018-04-05 05:50:01.629017",1,"2018-05-07 09:52:40.689421",8,2,T
85,"2018-04-21 09:24:46.059467","2018-04-21 09:24:46.058325",1,"2018-04-21 09:24:46.059482",9,2,T
86,"2018-05-07 09:52:40.794063","2018-04-05 05:50:01.655207",1,"2018-05-07 09:52:40.794108",23,2,R
87,"2018-05-07 09:52:40.901584","2018-04-05 05:50:01.669615",1,"2018-05-07 09:52:40.901630",18,2,R
88,"2018-05-07 09:52:41.023932","2018-04-05 05:50:01.679255",1,"2018-05-07 09:52:41.023993",19,2,R
89,"2018-05-07 09:52:41.128501","2018-04-05 05:50:01.692896",1,"2018-05-07 09:52:41.128546",7,2,R
90,"2018-05-07 09:52:41.278402","2018-04-05 05:50:01.702328",1,"2018-05-07 09:52:41.278461",10,2,R
91,"2018-04-25 07:15:50.509857","2018-04-25 07:15:50.509011",1,"2018-04-25 07:15:50.509871",14,2,R
92,"2018-04-25 07:11:14.761399","2018-04-25 07:11:14.760331",1,"2018-04-25 07:11:14.761412",15,2,R
93,"2018-04-25 07:19:03.176658","2018-04-25 07:19:03.175820",1,"2018-04-25 07:19:03.176672",12,2,R
95,"2018-05-07 09:52:41.382070","2018-04-05 05:50:01.769690",1,"2018-05-07 09:52:41.382120",11,2,R
96,"2018-05-07 09:52:41.484367","2018-04-05 05:50:01.779638",1,"2018-05-07 09:52:41.484409",25,2,R
97,"2018-05-07 09:52:41.613525","2018-04-05 05:50:01.797273",1,"2018-05-07 09:52:41.613570",137,2,R
98,"2018-05-07 09:52:41.792661","2018-04-05 05:50:01.812097",1,"2018-05-07 09:52:41.792708",153,2,R
99,"2018-05-07 09:52:41.937490","2018-04-05 05:50:01.822193",1,"2018-05-07 09:52:41.937534",154,2,R
100,"2018-05-07 09:52:42.040968","2018-04-05 05:50:01.832336",1,"2018-05-07 09:52:42.041024",157,2,R
101,"2018-05-07 09:52:42.150459","2018-04-05 05:50:01.842860",1,"2018-05-07 09:52:42.150504",158,2,R
102,"2018-04-24 06:53:27.522571","2018-04-24 06:53:27.521494",1,"2018-04-24 06:53:27.522584",159,2,R
103,"2018-04-26 06:58:07.340909","2018-04-26 06:58:07.340059",1,"2018-04-26 06:58:07.340922",138,2,R
104,"2018-05-07 09:52:42.253499","2018-04-07 07:20:59.894846",1,"2018-05-07 09:52:42.253544",2,4,T
105,"2018-05-07 09:52:42.355890","2018-04-07 07:20:59.904023",1,"2018-05-07 09:52:42.355956",35,4,T
106,"2018-05-07 09:52:42.458502","2018-04-07 07:20:59.912932",1,"2018-05-07 09:52:42.458530",37,4,T
107,"2018-05-07 09:52:42.559871","2018-04-07 07:20:59.925680",1,"2018-05-07 09:52:42.559887",71,4,R
108,"2018-05-07 09:52:42.661999","2018-04-07 07:20:59.935000",1,"2018-05-07 09:52:42.662043",72,4,R
109,"2018-05-07 09:52:42.764881","2018-04-07 07:33:30.231142",1,"2018-05-07 09:52:42.764925",134,4,T
110,"2018-04-12 11:39:18.215086","2018-04-12 11:39:18.214141",1,"2018-04-12 11:39:18.215100",134,6,T
111,"2018-05-07 09:52:42.868373","2018-04-07 08:14:52.146211",1,"2018-05-07 09:52:42.868418",2,6,R
112,"2018-05-07 09:52:42.974950","2018-04-07 08:14:52.155102",1,"2018-05-07 09:52:42.974971",35,6,R
113,"2018-05-07 09:52:43.081467","2018-04-07 08:14:52.164076",1,"2018-05-07 09:52:43.081498",37,6,R
114,"2018-05-07 09:52:43.183191","2018-04-07 08:14:52.176511",1,"2018-05-07 09:52:43.183226",134,6,T
115,"2018-05-07 09:52:43.285990","2018-04-07 08:14:52.189014",1,"2018-05-07 09:52:43.286011",163,6,T
116,"2018-05-07 09:52:43.400142","2018-04-07 09:04:15.562933",1,"2018-05-07 09:52:43.400159",2,7,R
117,"2018-05-07 09:52:43.531873","2018-04-07 09:04:15.572356",1,"2018-05-07 09:52:43.531905",35,7,R
118,"2018-05-07 09:52:43.662193","2018-04-07 09:04:15.582401",1,"2018-05-07 09:52:43.662210",37,7,R
119,"2018-05-07 09:52:43.768111","2018-04-07 09:04:15.595714",1,"2018-05-07 09:52:43.768142",23,7,T
120,"2018-05-07 09:52:43.870927","2018-04-07 09:04:15.608742",1,"2018-05-07 09:52:43.870959",18,7,R
121,"2018-05-07 09:52:43.980187","2018-04-07 09:04:15.617913",1,"2018-05-07 09:52:43.980220",19,7,R
122,"2018-05-07 09:52:44.089774","2018-04-07 09:04:15.631080",1,"2018-05-07 09:52:44.089817",7,7,T
123,"2018-05-07 09:52:44.192419","2018-04-07 09:04:15.640361",1,"2018-05-07 09:52:44.192461",10,7,T
124,"2018-05-07 09:52:44.312939","2018-04-07 09:04:15.653451",1,"2018-05-07 09:52:44.312988",14,7,R
125,"2018-05-07 09:52:45.833354","2018-04-07 09:04:15.662615",1,"2018-05-07 09:52:45.833404",15,7,R
126,"2018-05-07 09:52:45.935672","2018-04-07 09:04:15.675545",1,"2018-05-07 09:52:45.935717",12,7,R
128,"2018-05-07 09:52:46.040137","2018-04-07 09:04:15.698182",1,"2018-05-07 09:52:46.040182",11,7,R
129,"2018-05-07 09:52:46.145614","2018-04-07 09:04:15.707743",1,"2018-05-07 09:52:46.145660",25,7,R
130,"2018-05-07 09:52:46.249465","2018-04-07 09:07:23.149994",1,"2018-05-07 09:52:46.249510",134,7,T
131,"2018-04-09 11:08:40.833116","2018-04-09 11:08:40.832113",1,"2018-04-09 11:08:40.833146",23,6,T
132,"2018-04-09 12:09:38.039501","2018-04-09 12:09:38.038613",1,"2018-04-09 12:09:38.039518",18,6,T
133,"2018-04-09 12:10:41.379973","2018-04-09 12:10:41.379179",1,"2018-04-09 12:10:41.379985",19,6,T
134,"2018-05-07 09:52:46.360046","2018-04-10 05:59:44.281646",1,"2018-05-07 09:52:46.360091",2,2,T
135,"2018-05-07 09:52:46.462399","2018-04-10 05:59:44.291320",1,"2018-05-07 09:52:46.462444",35,2,T
136,"2018-05-07 09:52:46.565865","2018-04-10 05:59:44.301181",1,"2018-05-07 09:52:46.565898",37,2,T
137,"2018-05-07 09:52:46.669869","2018-04-10 05:59:44.314526",1,"2018-05-07 09:52:46.669911",36,2,R
138,"2018-05-07 09:52:46.774052","2018-04-10 05:59:44.327957",1,"2018-05-07 09:52:46.774096",29,2,R
139,"2018-05-07 09:52:46.876399","2018-04-10 05:59:44.337260",1,"2018-05-07 09:52:46.876444",30,2,R
140,"2018-05-07 09:52:46.979810","2018-04-10 05:59:44.346654",1,"2018-05-07 09:52:46.979855",32,2,R
141,"2018-05-07 09:52:47.083441","2018-04-10 05:59:44.356605",1,"2018-05-07 09:52:47.083486",33,2,R
142,"2018-05-07 09:52:47.186010","2018-04-10 05:59:44.369962",1,"2018-05-07 09:52:47.186055",8,2,R
143,"2018-05-07 09:52:47.289928","2018-04-10 05:59:44.380114",1,"2018-05-07 09:52:47.289978",9,2,R
144,"2018-05-07 09:52:47.392369","2018-04-10 05:59:44.393216",1,"2018-05-07 09:52:47.392391",23,2,R
145,"2018-05-07 09:52:47.497207","2018-04-10 05:59:44.406578",1,"2018-05-07 09:52:47.497255",18,2,R
146,"2018-05-07 09:52:47.600525","2018-04-10 05:59:44.416010",1,"2018-05-07 09:52:47.600551",19,2,R
147,"2018-05-07 09:52:47.702554","2018-04-10 05:59:44.429470",1,"2018-05-07 09:52:47.702599",7,2,R
148,"2018-05-07 09:52:47.804422","2018-04-10 05:59:44.439189",1,"2018-05-07 09:52:47.804487",10,2,R
149,"2018-05-07 09:52:47.908717","2018-04-10 05:59:44.452211",1,"2018-05-07 09:52:47.908762",14,2,R
150,"2018-05-07 09:52:48.011623","2018-04-10 05:59:44.461371",1,"2018-05-07 09:52:48.011681",15,2,R
151,"2018-05-07 09:52:48.115344","2018-04-10 05:59:44.474692",1,"2018-05-07 09:52:48.115388",12,2,R
153,"2018-05-07 09:52:48.219212","2018-04-10 05:59:44.497412",1,"2018-05-07 09:52:48.219256",11,2,R
154,"2018-05-07 09:52:48.325813","2018-04-10 05:59:44.506639",1,"2018-05-07 09:52:48.325859",25,2,R
155,"2018-05-07 09:52:48.454780","2018-04-10 05:59:44.523356",1,"2018-05-07 09:52:48.454826",31,2,T
156,"2018-05-02 06:01:37.678095","2018-05-02 06:01:37.676968",1,"2018-05-02 06:01:37.678112",159,2,R
157,"2018-04-10 11:40:55.300755","2018-04-10 11:40:55.299913",1,"2018-04-10 11:40:55.300768",15,6,T
158,"2018-04-10 11:43:54.586394","2018-04-10 11:43:54.585368",1,"2018-04-10 11:43:54.586428",10,6,T
159,"2018-04-10 11:46:30.682694","2018-04-10 11:46:30.681908",1,"2018-04-10 11:46:30.682705",14,6,T
161,"2018-04-10 11:50:36.372878","2018-04-10 11:50:36.372058",1,"2018-04-10 11:50:36.372891",137,6,T
162,"2018-04-10 11:53:42.831055","2018-04-10 11:53:42.830190",1,"2018-04-10 11:53:42.831067",138,6,T
163,"2018-04-10 12:03:29.403169","2018-04-10 12:03:29.402374",1,"2018-04-10 12:03:29.403181",139,6,T
164,"2018-04-10 12:09:11.342823","2018-04-10 12:09:11.341968",1,"2018-04-10 12:09:11.342836",141,6,T
165,"2018-04-10 12:13:24.551198","2018-04-10 12:13:24.550353",1,"2018-04-10 12:13:24.551210",142,6,T
166,"2018-05-07 09:52:48.817368","2018-04-11 05:56:57.289393",1,"2018-05-07 09:52:48.817413",2,2,R
167,"2018-05-07 09:52:48.943206","2018-04-11 05:56:57.298461",1,"2018-05-07 09:52:48.943251",35,2,R
168,"2018-05-07 09:52:49.047312","2018-04-11 05:56:57.307514",1,"2018-05-07 09:52:49.047361",37,2,R
169,"2018-05-07 09:52:49.150933","2018-04-11 05:56:57.319909",1,"2018-05-07 09:52:49.150979",31,2,T
170,"2018-05-07 09:52:49.285193","2018-04-11 05:56:57.332333",1,"2018-05-07 09:52:49.285240",80,2,R
171,"2018-05-07 09:52:49.388824","2018-04-11 10:05:50.649096",1,"2018-05-07 09:52:49.388870",134,6,T
172,"2018-05-07 09:52:49.502111","2018-04-11 11:16:52.215920",1,"2018-05-07 09:52:49.502160",71,4,T
173,"2018-05-07 09:52:50.389200","2018-04-11 11:16:52.224959",1,"2018-05-07 09:52:50.389245",72,4,T
174,"2018-05-07 09:52:50.492847","2018-04-11 11:16:52.237999",1,"2018-05-07 09:52:50.492892",2,4,T
175,"2018-05-07 09:52:50.596548","2018-04-11 11:16:52.247125",1,"2018-05-07 09:52:50.596594",35,4,T
176,"2018-05-07 09:52:50.698802","2018-04-11 11:16:52.256562",1,"2018-05-07 09:52:50.698824",37,4,T
177,"2018-05-07 09:52:50.800810","2018-04-11 11:16:52.270013",1,"2018-05-07 09:52:50.800854",36,4,R
178,"2018-05-07 09:52:50.905593","2018-04-11 11:16:52.283256",1,"2018-05-07 09:52:50.905641",29,4,R
179,"2018-05-07 09:52:51.008299","2018-04-11 11:16:52.292113",1,"2018-05-07 09:52:51.008355",30,4,R
180,"2018-05-07 09:52:51.112173","2018-04-11 11:16:52.301210",1,"2018-05-07 09:52:51.112220",32,4,R
181,"2018-05-07 09:52:51.215679","2018-04-11 11:16:52.310227",1,"2018-05-07 09:52:51.215725",33,4,R
182,"2018-05-07 09:52:51.318207","2018-04-11 11:16:52.323171",1,"2018-05-07 09:52:51.318252",8,4,R
183,"2018-05-07 09:52:51.466138","2018-04-11 11:16:52.331836",1,"2018-05-07 09:52:51.466183",9,4,R
184,"2018-05-07 09:52:51.568564","2018-04-11 11:16:52.344299",1,"2018-05-07 09:52:51.568608",23,4,R
185,"2018-05-07 09:52:51.672045","2018-04-11 11:16:52.356810",1,"2018-05-07 09:52:51.672063",18,4,R
186,"2018-05-07 09:52:51.812559","2018-04-11 11:16:52.365575",1,"2018-05-07 09:52:51.812603",19,4,R
187,"2018-05-07 09:52:51.917321","2018-04-11 11:16:52.378259",1,"2018-05-07 09:52:51.917373",7,4,R
188,"2018-05-07 09:52:52.022478","2018-04-11 11:16:52.386949",1,"2018-05-07 09:52:52.022523",10,4,R
189,"2018-05-07 09:52:52.127064","2018-04-11 11:16:52.401064",1,"2018-05-07 09:52:52.127110",14,4,R
190,"2018-05-07 09:52:52.230896","2018-04-11 11:16:52.410115",1,"2018-05-07 09:52:52.230941",15,4,R
191,"2018-05-07 09:52:52.334410","2018-04-11 11:16:52.422677",1,"2018-05-07 09:52:52.334472",11,4,R
192,"2018-05-07 09:52:52.545532","2018-04-11 11:16:52.431563",1,"2018-05-07 09:52:52.545578",25,4,R
193,"2018-05-07 09:52:52.649126","2018-04-11 11:16:52.444221",1,"2018-05-07 09:52:52.649171",159,4,R
194,"2018-05-07 09:52:52.829724","2018-04-12 07:29:52.172848",1,"2018-05-07 09:52:52.829770",134,7,R
195,"2018-05-07 09:52:52.934483","2018-04-12 07:29:52.189900",1,"2018-05-07 09:52:52.934531",2,7,T
196,"2018-05-07 09:52:53.041515","2018-04-12 07:29:52.198923",1,"2018-05-07 09:52:53.041561",35,7,T
197,"2018-05-07 09:52:53.146018","2018-04-12 07:29:52.207971",1,"2018-05-07 09:52:53.146063",37,7,T
198,"2018-05-07 09:52:53.251443","2018-04-12 07:29:52.221013",1,"2018-05-07 09:52:53.251488",36,7,R
199,"2018-05-07 09:52:53.358535","2018-04-12 07:29:52.234049",1,"2018-05-07 09:52:53.358579",29,7,R
200,"2018-05-07 09:52:53.462004","2018-04-12 07:29:52.243005",1,"2018-05-07 09:52:53.462050",30,7,R
201,"2018-05-07 09:52:53.601821","2018-04-12 07:29:52.252621",1,"2018-05-07 09:52:53.601877",32,7,R
202,"2018-05-07 09:52:53.704346","2018-04-12 07:29:52.261942",1,"2018-05-07 09:52:53.704392",33,7,R
203,"2018-05-07 09:52:53.807272","2018-04-12 07:29:52.275312",1,"2018-05-07 09:52:53.807316",8,7,R
204,"2018-05-07 09:52:53.910104","2018-04-12 07:29:52.284473",1,"2018-05-07 09:52:53.910148",9,7,R
205,"2018-05-07 09:52:54.013362","2018-04-12 07:29:52.297497",1,"2018-05-07 09:52:54.013426",23,7,R
206,"2018-05-07 09:52:54.115548","2018-04-12 07:29:52.310617",1,"2018-05-07 09:52:54.115593",18,7,R
207,"2018-05-07 09:52:54.250401","2018-04-12 07:29:52.319862",1,"2018-05-07 09:52:54.250448",19,7,R
208,"2018-05-07 09:52:54.354903","2018-04-12 07:29:52.333570",1,"2018-05-07 09:52:54.354946",7,7,R
209,"2018-05-07 09:52:54.459542","2018-04-12 07:29:52.342691",1,"2018-05-07 09:52:54.459586",10,7,R
210,"2018-05-07 09:52:54.580996","2018-04-12 07:29:52.355804",1,"2018-05-07 09:52:54.581040",14,7,R
211,"2018-05-07 09:52:54.684579","2018-04-12 07:29:52.365100",1,"2018-05-07 09:52:54.684624",15,7,R
212,"2018-05-07 09:52:55.692054","2018-04-12 07:29:52.378109",1,"2018-05-07 09:52:55.692118",11,7,R
213,"2018-05-07 09:52:55.796575","2018-04-12 07:29:52.387132",1,"2018-05-07 09:52:55.796637",25,7,R
214,"2018-05-07 09:52:55.941307","2018-04-12 07:29:52.399874",1,"2018-05-07 09:52:55.941352",159,7,R
215,"2018-05-07 09:52:56.044786","2018-04-12 07:37:27.837890",1,"2018-05-07 09:52:56.044831",134,7,T
216,"2018-05-07 09:52:56.147467","2018-04-12 08:33:24.841561",1,"2018-05-07 09:52:56.147510",117,6,T
217,"2018-04-12 11:46:51.748032","2018-04-12 11:46:51.747066",1,"2018-04-12 11:46:51.748048",118,6,T
218,"2018-05-07 09:52:56.250331","2018-04-12 08:33:24.861152",1,"2018-05-07 09:52:56.250375",119,6,T
219,"2018-04-12 12:20:32.113544","2018-04-12 12:20:32.112616",1,"2018-04-12 12:20:32.113558",142,5,T
220,"2018-04-12 12:57:49.121715","2018-04-12 12:57:49.120864",1,"2018-04-12 12:57:49.121732",138,1,T
221,"2018-05-07 09:52:56.357016","2018-04-14 08:05:16.096603",1,"2018-05-07 09:52:56.357060",2,2,R
222,"2018-05-07 09:52:56.459876","2018-04-14 08:05:16.105822",1,"2018-05-07 09:52:56.459949",35,2,R
223,"2018-05-07 09:52:56.563102","2018-04-14 08:05:16.115384",1,"2018-05-07 09:52:56.563147",37,2,R
224,"2018-05-07 09:52:56.666733","2018-04-14 08:05:16.128317",1,"2018-05-07 09:52:56.666777",31,2,R
225,"2018-05-07 09:52:56.769872","2018-04-14 08:05:16.140776",1,"2018-05-07 09:52:56.769915",80,2,T
226,"2018-05-07 09:52:56.874275","2018-04-14 08:16:16.939060",1,"2018-05-07 09:52:56.874316",2,1,T
227,"2018-05-07 09:52:56.976757","2018-04-14 08:16:16.948585",1,"2018-05-07 09:52:56.976816",35,1,T
228,"2018-05-07 09:52:57.079677","2018-04-14 08:16:16.957963",1,"2018-05-07 09:52:57.079723",37,1,T
229,"2018-05-07 09:52:57.185189","2018-04-14 08:16:16.971249",1,"2018-05-07 09:52:57.185233",31,1,T
230,"2018-05-07 09:52:57.289787","2018-04-14 08:16:16.983704",1,"2018-05-07 09:52:57.289828",80,1,T
231,"2018-05-07 09:52:57.392526","2018-04-14 08:16:39.648134",1,"2018-05-07 09:52:57.392573",2,1,T
232,"2018-05-07 09:52:57.496349","2018-04-14 08:16:39.657725",1,"2018-05-07 09:52:57.496399",35,1,T
233,"2018-05-07 09:52:57.599020","2018-04-14 08:16:39.666957",1,"2018-05-07 09:52:57.599066",37,1,T
234,"2018-05-07 09:52:57.702535","2018-04-14 08:16:39.679857",1,"2018-05-07 09:52:57.702584",31,1,T
235,"2018-05-07 09:52:58.045101","2018-04-14 08:16:39.692886",1,"2018-05-07 09:52:58.045146",80,1,T
236,"2018-05-07 09:52:58.150217","2018-04-14 08:18:14.316166",1,"2018-05-07 09:52:58.150262",2,1,T
237,"2018-05-07 09:52:58.252314","2018-04-14 08:18:14.325706",1,"2018-05-07 09:52:58.252360",35,1,T
238,"2018-05-07 09:52:58.355855","2018-04-14 08:18:14.335208",1,"2018-05-07 09:52:58.355930",37,1,T
239,"2018-05-07 09:52:58.501542","2018-04-14 08:18:14.347732",1,"2018-05-07 09:52:58.501590",31,1,T
240,"2018-05-07 09:52:58.605066","2018-04-14 08:18:14.361006",1,"2018-05-07 09:52:58.605119",80,1,T
241,"2018-05-07 09:52:58.710446","2018-04-14 08:18:33.121821",1,"2018-05-07 09:52:58.710497",2,1,T
242,"2018-05-07 09:52:58.813491","2018-04-14 08:18:33.131361",1,"2018-05-07 09:52:58.813537",35,1,T
243,"2018-05-07 09:52:58.920563","2018-04-14 08:18:33.140494",1,"2018-05-07 09:52:58.920587",37,1,T
244,"2018-05-07 09:52:59.041521","2018-04-14 08:18:33.153552",1,"2018-05-07 09:52:59.041566",31,1,T
245,"2018-05-07 09:52:59.146329","2018-04-14 08:18:33.166129",1,"2018-05-07 09:52:59.146387",80,1,T
246,"2018-05-07 09:52:59.248779","2018-04-14 08:18:53.297739",1,"2018-05-07 09:52:59.248824",2,1,T
247,"2018-05-07 09:52:59.352407","2018-04-14 08:18:53.307647",1,"2018-05-07 09:52:59.352468",35,1,T
248,"2018-05-07 09:52:59.457025","2018-04-14 08:18:53.317400",1,"2018-05-07 09:52:59.457083",37,1,T
249,"2018-05-07 09:52:59.562974","2018-04-14 08:18:53.331049",1,"2018-05-07 09:52:59.563020",31,1,T
250,"2018-05-07 09:52:59.666228","2018-04-14 08:18:53.345055",1,"2018-05-07 09:52:59.666276",80,1,T
251,"2018-05-07 09:52:59.769052","2018-04-14 08:19:17.618297",1,"2018-05-07 09:52:59.769095",2,1,T
252,"2018-05-07 09:52:59.871810","2018-04-14 08:19:17.628049",1,"2018-05-07 09:52:59.871857",35,1,T
253,"2018-05-07 09:53:00.019356","2018-04-14 08:19:17.637786",1,"2018-05-07 09:53:00.019400",37,1,T
254,"2018-05-07 09:53:00.122917","2018-04-14 08:19:17.651160",1,"2018-05-07 09:53:00.122961",31,1,T
255,"2018-05-07 09:53:00.256675","2018-04-14 08:19:17.664150",1,"2018-05-07 09:53:00.256698",80,1,T
256,"2018-05-07 09:53:00.363801","2018-04-14 08:19:47.403157",1,"2018-05-07 09:53:00.363847",2,4,T
257,"2018-05-07 09:53:00.466339","2018-04-14 08:19:47.414241",1,"2018-05-07 09:53:00.466384",35,4,T
258,"2018-05-07 09:53:00.570224","2018-04-14 08:19:47.423531",1,"2018-05-07 09:53:00.570269",37,4,T
259,"2018-05-07 09:53:00.683200","2018-04-14 08:19:47.436110",1,"2018-05-07 09:53:00.683245",31,4,T
260,"2018-05-07 09:53:00.786259","2018-04-14 08:19:47.448892",1,"2018-05-07 09:53:00.786303",80,4,T
261,"2018-04-14 11:24:44.122909","2018-04-14 11:24:44.122004",1,"2018-04-14 11:24:44.122921",119,5,T
262,"2018-05-07 09:53:00.888966","2018-04-16 07:24:45.902622",1,"2018-05-07 09:53:00.889013",71,7,T
263,"2018-05-07 09:53:00.995178","2018-04-16 07:24:45.911998",1,"2018-05-07 09:53:00.995205",72,7,T
264,"2018-05-07 09:53:01.096987","2018-04-16 07:25:11.942319",1,"2018-05-07 09:53:01.097033",2,7,T
265,"2018-05-07 09:53:01.200483","2018-04-16 07:25:11.951789",1,"2018-05-07 09:53:01.200524",35,7,T
266,"2018-05-07 09:53:01.302540","2018-04-16 07:25:11.961510",1,"2018-05-07 09:53:01.302585",37,7,T
267,"2018-05-07 09:53:01.407484","2018-04-16 07:25:11.974888",1,"2018-05-07 09:53:01.407530",31,7,T
268,"2018-05-07 09:53:01.511717","2018-04-16 07:25:11.988195",1,"2018-05-07 09:53:01.511762",80,7,T
269,"2018-04-16 11:10:06.210397","2018-04-16 11:10:06.209452",1,"2018-04-16 11:10:06.210410",138,5,T
270,"2018-04-16 11:19:28.482801","2018-04-16 11:19:28.481746",1,"2018-04-16 11:19:28.482826",141,5,T
271,"2018-05-21 06:30:02.724362","2018-05-21 06:30:02.723373",1,"2018-05-21 06:30:02.724376",2,2,T
272,"2018-05-23 06:14:16.116750","2018-05-23 06:14:16.115878",1,"2018-05-23 06:14:16.116764",35,2,T
273,"2018-04-19 08:25:45.899767",NULL,0,"2018-04-19 08:25:45.899827",37,2,T
274,"2018-05-23 06:25:51.059200","2018-05-23 06:25:51.057940",1,"2018-05-23 06:25:51.059214",31,2,T
275,"2018-05-09 07:00:51.873400","2018-05-09 07:00:51.872503",1,"2018-05-09 07:00:51.873414",80,2,T
276,"2018-04-23 10:28:49.074382",NULL,0,"2018-04-23 10:28:49.074444",2,2,T
277,"2018-04-23 10:28:49.084079",NULL,0,"2018-04-23 10:28:49.084132",35,2,T
278,"2018-04-23 10:28:49.093558",NULL,0,"2018-04-23 10:28:49.093611",37,2,T
279,"2018-04-23 10:28:49.107454",NULL,0,"2018-04-23 10:28:49.107507",31,2,T
280,"2018-04-23 10:28:49.121348",NULL,0,"2018-04-23 10:28:49.121401",80,2,T
281,"2018-04-23 10:28:49.138007",NULL,0,"2018-04-23 10:28:49.138072",36,2,T
282,"2018-04-23 10:28:49.157346",NULL,0,"2018-04-23 10:28:49.157422",29,2,T
283,"2018-04-23 10:28:49.167179",NULL,0,"2018-04-23 10:28:49.167231",30,2,T
284,"2018-04-23 10:28:49.177265",NULL,0,"2018-04-23 10:28:49.177319",32,2,T
285,"2018-04-23 10:28:49.186957",NULL,0,"2018-04-23 10:28:49.187010",33,2,T
286,"2018-04-23 10:28:49.200227",NULL,0,"2018-04-23 10:28:49.200281",8,2,T
287,"2018-05-24 05:15:40.120157","2018-05-24 05:15:40.119215",1,"2018-05-24 05:15:40.120171",9,2,T
288,"2018-04-23 10:28:49.223417",NULL,0,"2018-04-23 10:28:49.223469",23,2,T
289,"2018-04-23 10:28:49.237267",NULL,0,"2018-04-23 10:28:49.237319",18,2,T
290,"2018-04-23 10:28:49.246918",NULL,0,"2018-04-23 10:28:49.246978",19,2,T
291,"2018-04-23 10:28:49.260646",NULL,0,"2018-04-23 10:28:49.260700",7,2,T
292,"2018-04-23 10:28:49.270465",NULL,0,"2018-04-23 10:28:49.270519",10,2,T
293,"2018-04-23 10:28:49.284310",NULL,0,"2018-04-23 10:28:49.284364",14,2,T
294,"2018-04-23 10:28:49.293917",NULL,0,"2018-04-23 10:28:49.293970",15,2,T
295,"2018-04-23 10:28:49.307521",NULL,0,"2018-04-23 10:28:49.307574",12,2,T
296,"2018-04-23 10:28:49.320893",NULL,0,"2018-04-23 10:28:49.320948",11,2,T
297,"2018-04-23 10:28:49.330486",NULL,0,"2018-04-23 10:28:49.330540",25,2,T
298,"2018-04-23 10:28:49.347267",NULL,0,"2018-04-23 10:28:49.347319",137,2,T
299,"2018-04-23 10:28:49.361020",NULL,0,"2018-04-23 10:28:49.361077",153,2,T
300,"2018-04-23 10:28:49.370884",NULL,0,"2018-04-23 10:28:49.370937",154,2,T
301,"2018-04-23 10:28:49.379956",NULL,0,"2018-04-23 10:28:49.380011",157,2,T
302,"2018-04-23 10:28:49.390522",NULL,0,"2018-04-23 10:28:49.390576",158,2,T
303,"2018-04-23 10:28:49.407721",NULL,0,"2018-04-23 10:28:49.407775",159,2,T
304,"2018-04-23 10:28:49.421023",NULL,0,"2018-04-23 10:28:49.421079",138,2,T
305,"2018-04-23 10:47:13.746308",NULL,0,"2018-04-23 10:47:13.746371",2,7,R
306,"2018-04-23 10:47:13.757495",NULL,0,"2018-04-23 10:47:13.757559",35,7,R
307,"2018-04-23 10:47:13.767448",NULL,0,"2018-04-23 10:47:13.767503",37,7,R
308,"2018-04-23 10:47:13.781202",NULL,0,"2018-04-23 10:47:13.781257",36,7,R
309,"2018-04-23 10:47:13.795285",NULL,0,"2018-04-23 10:47:13.795339",29,7,R
310,"2018-04-23 10:47:13.805019",NULL,0,"2018-04-23 10:47:13.805075",30,7,R
311,"2018-04-23 10:47:13.814977",NULL,0,"2018-04-23 10:47:13.815032",32,7,R
312,"2018-04-23 10:47:13.825038",NULL,0,"2018-04-23 10:47:13.825094",33,7,R
313,"2018-04-23 10:47:13.838809",NULL,0,"2018-04-23 10:47:13.838865",8,7,R
314,"2018-04-23 10:47:13.848221",NULL,0,"2018-04-23 10:47:13.848279",9,7,R
315,"2018-04-23 10:47:13.861637",NULL,0,"2018-04-23 10:47:13.861692",23,7,R
316,"2018-04-23 10:47:13.875412",NULL,0,"2018-04-23 10:47:13.875468",18,7,R
317,"2018-04-23 10:47:13.885401",NULL,0,"2018-04-23 10:47:13.885456",19,7,R
318,"2018-04-23 10:47:13.899516",NULL,0,"2018-04-23 10:47:13.899583",7,7,R
319,"2018-04-23 10:47:13.909083",NULL,0,"2018-04-23 10:47:13.909138",10,7,R
320,"2018-04-23 10:47:13.922868",NULL,0,"2018-04-23 10:47:13.922934",14,7,R
321,"2018-04-23 10:47:13.934290",NULL,0,"2018-04-23 10:47:13.934349",15,7,R
322,"2018-04-23 10:47:13.947792",NULL,0,"2018-04-23 10:47:13.947848",11,7,R
323,"2018-04-23 10:47:13.957271",NULL,0,"2018-04-23 10:47:13.957326",25,7,R
324,"2018-04-23 10:47:13.970654",NULL,0,"2018-04-23 10:47:13.970709",117,7,R
325,"2018-04-23 10:47:13.979895",NULL,0,"2018-04-23 10:47:13.979949",118,7,R
326,"2018-04-23 10:47:13.989860",NULL,0,"2018-04-23 10:47:13.989915",119,7,R
327,"2018-04-23 10:47:14.003159",NULL,0,"2018-04-23 10:47:14.003222",159,7,T
328,"2018-04-23 11:15:56.336629",NULL,0,"2018-04-23 11:15:56.336686",162,2,T
329,"2018-04-28 05:52:55.915177","2018-04-28 05:52:55.914197",1,"2018-04-28 05:52:55.915191",134,2,T
330,"2018-04-23 11:53:41.042587",NULL,0,"2018-04-23 11:53:41.042655",2,2,T
331,"2018-04-23 11:53:41.053283",NULL,0,"2018-04-23 11:53:41.053348",35,2,T
332,"2018-04-23 11:53:41.063806",NULL,0,"2018-04-23 11:53:41.063861",37,2,T
333,"2018-04-23 11:53:41.078329",NULL,0,"2018-04-23 11:53:41.078382",31,2,T
334,"2018-04-23 11:53:41.092416",NULL,0,"2018-04-23 11:53:41.092469",163,2,T
335,"2018-04-23 11:53:41.106329",NULL,0,"2018-04-23 11:53:41.106384",134,2,T
336,"2018-04-23 11:53:41.120713",NULL,0,"2018-04-23 11:53:41.120767",162,2,T
337,"2018-04-23 12:47:59.983140",NULL,0,"2018-04-23 12:47:59.983198",2,2,T
338,"2018-04-23 12:47:59.993223",NULL,0,"2018-04-23 12:47:59.993277",35,2,T
339,"2018-04-23 12:48:00.025425",NULL,0,"2018-04-23 12:48:00.025505",37,2,T
340,"2018-04-23 12:48:00.044393",NULL,0,"2018-04-23 12:48:00.044458",31,2,T
341,"2018-04-23 12:48:00.061423",NULL,0,"2018-04-23 12:48:00.061483",163,2,T
342,"2018-04-23 12:48:59.407406",NULL,0,"2018-04-23 12:48:59.407465",2,1,T
343,"2018-04-23 12:48:59.417760",NULL,0,"2018-04-23 12:48:59.417814",35,1,T
344,"2018-04-23 12:48:59.428109",NULL,0,"2018-04-23 12:48:59.428163",37,1,T
345,"2018-04-23 12:48:59.442312",NULL,0,"2018-04-23 12:48:59.442366",31,1,T
346,"2018-04-23 12:48:59.456478",NULL,0,"2018-04-23 12:48:59.456532",80,1,T
347,"2018-04-23 12:52:42.487793",NULL,0,"2018-04-23 12:52:42.487852",2,1,T
348,"2018-04-23 12:52:42.498715",NULL,0,"2018-04-23 12:52:42.498770",35,1,T
349,"2018-04-23 12:52:42.512997",NULL,0,"2018-04-23 12:52:42.513055",37,1,T
350,"2018-04-23 12:52:42.527556",NULL,0,"2018-04-23 12:52:42.527614",31,1,T
351,"2018-04-23 12:52:42.541603",NULL,0,"2018-04-23 12:52:42.541657",80,1,T
352,"2018-04-23 13:27:27.671841",NULL,0,"2018-04-23 13:27:27.671912",2,1,T
353,"2018-04-23 13:27:27.681817",NULL,0,"2018-04-23 13:27:27.681871",35,1,T
354,"2018-04-23 13:27:27.693375",NULL,0,"2018-04-23 13:27:27.693429",37,1,T
355,"2018-04-23 13:27:27.708802",NULL,0,"2018-04-23 13:27:27.708866",31,1,T
356,"2018-04-23 13:27:27.724903",NULL,0,"2018-04-23 13:27:27.724957",80,1,T
357,"2018-04-23 13:27:46.774335",NULL,0,"2018-04-23 13:27:46.774393",2,1,T
358,"2018-04-23 13:27:46.785294",NULL,0,"2018-04-23 13:27:46.785351",35,1,T
359,"2018-04-23 13:27:46.795762",NULL,0,"2018-04-23 13:27:46.795816",37,1,T
360,"2018-04-23 13:27:46.809691",NULL,0,"2018-04-23 13:27:46.809745",31,1,T
361,"2018-04-23 13:27:46.823562",NULL,0,"2018-04-23 13:27:46.823616",80,1,T
362,"2018-04-23 13:28:13.702147",NULL,0,"2018-04-23 13:28:13.702206",2,1,T
363,"2018-04-23 13:28:13.712870",NULL,0,"2018-04-23 13:28:13.712925",35,1,T
364,"2018-04-23 13:28:13.723195",NULL,0,"2018-04-23 13:28:13.723250",37,1,T
365,"2018-04-23 13:28:13.737052",NULL,0,"2018-04-23 13:28:13.737114",31,1,T
366,"2018-04-23 13:28:13.752176",NULL,0,"2018-04-23 13:28:13.752253",80,1,T
367,"2018-04-23 13:40:03.472182",NULL,0,"2018-04-23 13:40:03.472261",2,2,T
368,"2018-04-23 13:40:03.482624",NULL,0,"2018-04-23 13:40:03.482680",35,2,T
369,"2018-04-23 13:40:03.492638",NULL,0,"2018-04-23 13:40:03.492694",37,2,T
370,"2018-04-23 13:40:03.506805",NULL,0,"2018-04-23 13:40:03.506860",31,2,T
371,"2018-04-23 13:40:03.520877",NULL,0,"2018-04-23 13:40:03.520934",80,2,T
372,"2018-04-23 13:40:43.866686",NULL,0,"2018-04-23 13:40:43.866744",2,2,T
373,"2018-04-23 13:40:43.877368",NULL,0,"2018-04-23 13:40:43.877423",35,2,T
374,"2018-04-23 13:40:43.887719",NULL,0,"2018-04-23 13:40:43.887773",37,2,T
375,"2018-04-23 13:40:43.901386",NULL,0,"2018-04-23 13:40:43.901440",31,2,T
376,"2018-04-23 13:40:43.915312",NULL,0,"2018-04-23 13:40:43.915366",80,2,T
377,"2018-04-23 13:41:09.874082",NULL,0,"2018-04-23 13:41:09.874139",2,2,T
378,"2018-04-23 13:41:09.885368",NULL,0,"2018-04-23 13:41:09.885422",35,2,T
379,"2018-04-23 13:41:09.895568",NULL,0,"2018-04-23 13:41:09.895622",37,2,T
380,"2018-04-23 13:41:09.911241",NULL,0,"2018-04-23 13:41:09.911293",31,2,T
381,"2018-04-23 13:41:09.925757",NULL,0,"2018-04-23 13:41:09.925817",80,2,T
382,"2018-04-23 13:51:42.832940",NULL,0,"2018-04-23 13:51:42.832998",2,2,T
383,"2018-04-23 13:51:42.843682",NULL,0,"2018-04-23 13:51:42.843750",35,2,T
384,"2018-04-23 13:51:42.853770",NULL,0,"2018-04-23 13:51:42.853826",37,2,T
385,"2018-04-23 13:51:42.868125",NULL,0,"2018-04-23 13:51:42.868192",36,2,T
386,"2018-04-23 13:51:42.882143",NULL,0,"2018-04-23 13:51:42.882198",29,2,T
387,"2018-04-23 13:51:42.891733",NULL,0,"2018-04-23 13:51:42.891789",30,2,T
388,"2018-04-23 13:51:42.901175",NULL,0,"2018-04-23 13:51:42.901240",32,2,T
389,"2018-04-23 13:51:42.910825",NULL,0,"2018-04-23 13:51:42.910880",33,2,T
390,"2018-04-23 13:51:42.924480",NULL,0,"2018-04-23 13:51:42.924535",8,2,T
391,"2018-04-23 13:51:42.934061",NULL,0,"2018-04-23 13:51:42.934116",9,2,T
392,"2018-04-23 13:51:42.947655",NULL,0,"2018-04-23 13:51:42.947711",23,2,T
393,"2018-04-23 13:51:42.961310",NULL,0,"2018-04-23 13:51:42.961365",18,2,T
394,"2018-04-23 13:51:42.970785",NULL,0,"2018-04-23 13:51:42.970840",19,2,T
395,"2018-04-23 13:51:42.984324",NULL,0,"2018-04-23 13:51:42.984380",7,2,T
396,"2018-04-23 13:51:42.994632",NULL,0,"2018-04-23 13:51:42.994688",10,2,T
397,"2018-04-23 13:51:43.009019",NULL,0,"2018-04-23 13:51:43.009074",14,2,T
398,"2018-04-23 13:51:43.018608",NULL,0,"2018-04-23 13:51:43.018662",15,2,T
399,"2018-04-23 13:51:43.032273",NULL,0,"2018-04-23 13:51:43.032328",12,2,T
400,"2018-04-23 13:51:43.045657",NULL,0,"2018-04-23 13:51:43.045712",11,2,T
401,"2018-04-23 13:51:43.055199",NULL,0,"2018-04-23 13:51:43.055254",25,2,T
402,"2018-04-23 13:51:43.072696",NULL,0,"2018-04-23 13:51:43.072763",159,2,T
403,"2018-04-23 13:51:43.086675",NULL,0,"2018-04-23 13:51:43.086730",134,2,T
404,"2018-04-23 13:56:13.053541",NULL,0,"2018-04-23 13:56:13.053598",2,7,T
405,"2018-04-23 13:56:13.063505",NULL,0,"2018-04-23 13:56:13.063558",35,7,T
406,"2018-04-23 13:56:13.073302",NULL,0,"2018-04-23 13:56:13.073362",37,7,T
407,"2018-04-23 13:56:13.086976",NULL,0,"2018-04-23 13:56:13.087030",31,7,T
408,"2018-04-23 13:56:13.100836",NULL,0,"2018-04-23 13:56:13.100889",80,7,T
409,"2018-04-23 13:56:37.324087",NULL,0,"2018-04-23 13:56:37.324145",2,7,T
410,"2018-04-23 13:56:37.335251",NULL,0,"2018-04-23 13:56:37.335306",35,7,T
411,"2018-04-23 13:56:37.345139",NULL,0,"2018-04-23 13:56:37.345193",37,7,T
412,"2018-04-23 13:56:37.358850",NULL,0,"2018-04-23 13:56:37.358904",31,7,T
413,"2018-04-23 13:56:37.372554",NULL,0,"2018-04-23 13:56:37.372608",80,7,T
414,"2018-04-24 04:37:14.476866",NULL,0,"2018-04-24 04:37:14.476924",2,4,T
415,"2018-04-24 04:37:14.486838",NULL,0,"2018-04-24 04:37:14.486894",35,4,T
416,"2018-04-24 04:37:14.497036",NULL,0,"2018-04-24 04:37:14.497090",37,4,T
417,"2018-04-24 04:37:14.510294",NULL,0,"2018-04-24 04:37:14.510349",31,4,T
418,"2018-04-24 04:37:14.524503",NULL,0,"2018-04-24 04:37:14.524557",80,4,T
419,"2018-04-24 05:31:49.521766",NULL,0,"2018-04-24 05:31:49.521824",2,7,T
420,"2018-04-24 05:31:49.532036",NULL,0,"2018-04-24 05:31:49.532091",35,7,T
421,"2018-04-24 05:31:49.542586",NULL,0,"2018-04-24 05:31:49.542641",37,7,T
422,"2018-04-24 05:31:49.556190",NULL,0,"2018-04-24 05:31:49.556264",31,7,T
423,"2018-04-24 05:31:49.569649",NULL,0,"2018-04-24 05:31:49.569702",80,7,T
424,"2018-04-24 06:10:12.282569",NULL,0,"2018-04-24 06:10:12.282628",179,7,T
425,"2018-04-24 06:42:35.187394",NULL,0,"2018-04-24 06:42:35.187451",117,7,T
426,"2018-04-24 06:42:35.197636",NULL,0,"2018-04-24 06:42:35.197691",118,7,T
427,"2018-04-24 06:42:35.209357",NULL,0,"2018-04-24 06:42:35.209411",119,7,T
428,"2018-04-24 06:42:35.223784",NULL,0,"2018-04-24 06:42:35.223839",2,7,T
429,"2018-04-24 06:42:35.233770",NULL,0,"2018-04-24 06:42:35.233824",35,7,T
430,"2018-04-24 06:42:35.244218",NULL,0,"2018-04-24 06:42:35.244276",37,7,T
431,"2018-04-24 06:42:35.258239",NULL,0,"2018-04-24 06:42:35.258293",31,7,T
432,"2018-04-24 06:42:35.272524",NULL,0,"2018-04-24 06:42:35.272578",80,7,T
433,"2018-04-24 06:42:35.289822",NULL,0,"2018-04-24 06:42:35.289876",134,7,T
434,"2018-04-24 06:42:35.307016",NULL,0,"2018-04-24 06:42:35.307069",36,7,T
435,"2018-04-24 06:42:35.321073",NULL,0,"2018-04-24 06:42:35.321126",29,7,T
436,"2018-04-24 06:42:35.330769",NULL,0,"2018-04-24 06:42:35.330822",30,7,T
437,"2018-04-24 06:42:35.340218",NULL,0,"2018-04-24 06:42:35.340275",32,7,T
438,"2018-04-24 06:42:35.349743",NULL,0,"2018-04-24 06:42:35.349798",33,7,T
439,"2018-04-24 06:42:35.363892",NULL,0,"2018-04-24 06:42:35.363947",8,7,T
440,"2018-04-24 06:42:35.373581",NULL,0,"2018-04-24 06:42:35.373634",9,7,T
441,"2018-04-24 06:42:35.387515",NULL,0,"2018-04-24 06:42:35.387569",23,7,T
442,"2018-04-24 06:42:35.401282",NULL,0,"2018-04-24 06:42:35.401339",18,7,T
443,"2018-04-24 06:42:35.410889",NULL,0,"2018-04-24 06:42:35.410945",19,7,T
444,"2018-04-24 06:42:35.424576",NULL,0,"2018-04-24 06:42:35.424632",7,7,T
445,"2018-04-24 06:42:35.434308",NULL,0,"2018-04-24 06:42:35.434362",10,7,T
446,"2018-04-24 06:42:35.448369",NULL,0,"2018-04-24 06:42:35.448423",14,7,T
447,"2018-04-24 06:42:35.458136",NULL,0,"2018-04-24 06:42:35.458191",15,7,T
448,"2018-04-24 06:42:35.472033",NULL,0,"2018-04-24 06:42:35.472091",11,7,T
449,"2018-04-24 06:42:35.484882",NULL,0,"2018-04-24 06:42:35.484937",25,7,T
450,"2018-04-24 06:42:35.498606",NULL,0,"2018-04-24 06:42:35.498661",159,7,T
451,"2018-04-26 06:41:38.256941","2018-04-26 06:41:38.256061",1,"2018-04-26 06:41:38.256953",35,5,T
452,"2018-04-27 08:19:54.757994",NULL,0,"2018-04-27 08:19:54.758169",18,4,T
453,"2018-04-27 08:19:54.964797",NULL,0,"2018-04-27 08:19:54.964985",19,4,T
454,"2018-04-27 08:19:55.255288",NULL,0,"2018-04-27 08:19:55.255516",7,4,T
455,"2018-04-27 08:19:55.466842",NULL,0,"2018-04-27 08:19:55.467014",10,4,T
456,"2018-04-27 08:19:55.741992",NULL,0,"2018-04-27 08:19:55.742179",12,4,T
457,"2018-04-27 08:19:56.018709",NULL,0,"2018-04-27 08:19:56.018883",62,4,T
458,"2018-04-27 08:19:56.286492",NULL,0,"2018-04-27 08:19:56.286681",96,4,T
459,"2018-04-27 08:19:56.486764",NULL,0,"2018-04-27 08:19:56.486922",97,4,T
460,"2018-04-27 08:19:56.751455",NULL,0,"2018-04-27 08:19:56.751632",137,4,T
461,"2018-04-27 08:19:57.091021",NULL,0,"2018-04-27 08:19:57.091195",138,4,T
462,"2018-04-27 08:19:57.353731",NULL,0,"2018-04-27 08:19:57.353906",139,4,T
463,"2018-04-27 08:19:57.613507",NULL,0,"2018-04-27 08:19:57.613690",141,4,T
464,"2018-04-27 08:19:57.810856",NULL,0,"2018-04-27 08:19:57.811056",142,4,T
465,"2018-05-04 06:07:54.151303",NULL,0,"2018-05-04 06:07:54.151362",2,4,T
466,"2018-05-04 06:07:54.162811",NULL,0,"2018-05-04 06:07:54.162865",35,4,T
467,"2018-05-04 06:07:54.174197",NULL,0,"2018-05-04 06:07:54.174252",37,4,T
468,"2018-05-04 06:07:54.189434",NULL,0,"2018-05-04 06:07:54.189489",31,4,T
469,"2018-05-04 06:07:54.204448",NULL,0,"2018-05-04 06:07:54.204513",163,4,T
470,"2018-05-04 07:00:17.295707",NULL,0,"2018-05-04 07:00:17.295764",2,4,R
471,"2018-05-04 07:00:17.306852",NULL,0,"2018-05-04 07:00:17.306906",35,4,R
472,"2018-05-04 07:00:17.317672",NULL,0,"2018-05-04 07:00:17.317727",37,4,R
473,"2018-05-04 07:00:17.332020",NULL,0,"2018-05-04 07:00:17.332073",31,4,R
474,"2018-05-04 07:00:17.350050",NULL,0,"2018-05-04 07:00:17.350104",80,4,R
475,"2018-05-07 05:43:24.935313",NULL,0,"2018-05-07 05:43:24.935372",117,1,T
476,"2018-05-07 05:43:24.946703",NULL,0,"2018-05-07 05:43:24.946763",118,1,T
477,"2018-05-07 05:43:24.957265",NULL,0,"2018-05-07 05:43:24.957318",119,1,T
478,"2018-05-07 05:43:24.979092",NULL,0,"2018-05-07 05:43:24.979145",23,1,T
479,"2018-05-07 05:43:24.993954",NULL,0,"2018-05-07 05:43:24.994003",138,1,T
480,"2018-05-07 05:43:25.010547",NULL,0,"2018-05-07 05:43:25.010601",2,1,T
481,"2018-05-07 05:43:25.022297",NULL,0,"2018-05-07 05:43:25.022351",35,1,T
482,"2018-05-07 05:43:25.034613",NULL,0,"2018-05-07 05:43:25.034666",37,1,T
483,"2018-05-07 05:43:25.049651",NULL,0,"2018-05-07 05:43:25.049716",31,1,T
484,"2018-05-07 05:43:25.071214",NULL,0,"2018-05-07 05:43:25.071268",80,1,T
485,"2018-05-07 06:55:05.148494",NULL,0,"2018-05-07 06:55:05.148552",2,1,T
486,"2018-05-07 06:55:05.160776",NULL,0,"2018-05-07 06:55:05.160828",35,1,T
487,"2018-05-07 06:55:05.172469",NULL,0,"2018-05-07 06:55:05.172521",37,1,T
488,"2018-05-07 06:55:05.186826",NULL,0,"2018-05-07 06:55:05.186882",36,1,T
489,"2018-05-07 06:55:05.201418",NULL,0,"2018-05-07 06:55:05.201473",29,1,T
490,"2018-05-07 06:55:05.212012",NULL,0,"2018-05-07 06:55:05.212065",30,1,T
491,"2018-05-07 06:55:05.222497",NULL,0,"2018-05-07 06:55:05.222549",32,1,T
492,"2018-05-07 06:55:05.233976",NULL,0,"2018-05-07 06:55:05.234028",33,1,T
493,"2018-05-07 06:55:05.249298",NULL,0,"2018-05-07 06:55:05.249351",8,1,T
494,"2018-05-07 06:55:05.261152",NULL,0,"2018-05-07 06:55:05.261209",9,1,T
495,"2018-05-07 06:55:05.276837",NULL,0,"2018-05-07 06:55:05.276890",23,1,T
496,"2018-05-07 06:55:05.291512",NULL,0,"2018-05-07 06:55:05.291566",18,1,T
497,"2018-05-07 06:55:05.302244",NULL,0,"2018-05-07 06:55:05.302298",19,1,T
498,"2018-05-07 06:55:05.319074",NULL,0,"2018-05-07 06:55:05.319127",7,1,T
499,"2018-05-07 06:55:05.329842",NULL,0,"2018-05-07 06:55:05.329896",10,1,T
500,"2018-05-07 06:55:05.344798",NULL,0,"2018-05-07 06:55:05.344852",14,1,T
501,"2018-05-07 06:55:05.355646",NULL,0,"2018-05-07 06:55:05.355698",15,1,T
502,"2018-05-07 06:55:05.369720",NULL,0,"2018-05-07 06:55:05.369774",12,1,T
503,"2018-05-07 06:55:05.384238",NULL,0,"2018-05-07 06:55:05.384292",11,1,T
504,"2018-05-07 06:55:05.395458",NULL,0,"2018-05-07 06:55:05.395512",25,1,T
505,"2018-05-07 06:55:05.413022",NULL,0,"2018-05-07 06:55:05.413075",159,1,T
506,"2018-05-07 06:55:05.427542",NULL,0,"2018-05-07 06:55:05.427595",31,1,T
507,"2018-05-07 06:55:05.445872",NULL,0,"2018-05-07 06:55:05.445925",137,1,T
508,"2018-05-07 06:55:05.460444",NULL,0,"2018-05-07 06:55:05.460498",153,1,T
509,"2018-05-07 06:55:05.471473",NULL,0,"2018-05-07 06:55:05.471526",154,1,T
510,"2018-05-07 06:55:05.482306",NULL,0,"2018-05-07 06:55:05.482369",157,1,T
511,"2018-05-07 06:55:05.493076",NULL,0,"2018-05-07 06:55:05.493129",158,1,T
512,"2018-05-07 06:55:05.511774",NULL,0,"2018-05-07 06:55:05.511831",138,1,T
513,"2018-05-07 07:30:50.076554",NULL,0,"2018-05-07 07:30:50.076617",117,1,T
514,"2018-05-07 07:30:50.088462",NULL,0,"2018-05-07 07:30:50.088515",118,1,T
515,"2018-05-07 07:30:50.099232",NULL,0,"2018-05-07 07:30:50.099284",119,1,T
516,"2018-05-07 07:30:50.113755",NULL,0,"2018-05-07 07:30:50.113807",68,1,T
517,"2018-05-07 07:30:50.123967",NULL,0,"2018-05-07 07:30:50.124020",73,1,T
518,"2018-05-07 07:30:50.138425",NULL,0,"2018-05-07 07:30:50.138478",188,1,T
519,"2018-05-07 07:30:50.158647",NULL,0,"2018-05-07 07:30:50.158700",2,1,T
520,"2018-05-07 07:30:50.170534",NULL,0,"2018-05-07 07:30:50.170587",35,1,T
521,"2018-05-07 07:30:50.182959",NULL,0,"2018-05-07 07:30:50.183015",37,1,T
522,"2018-05-07 07:30:50.197864",NULL,0,"2018-05-07 07:30:50.197917",31,1,T
523,"2018-05-07 07:30:50.213155",NULL,0,"2018-05-07 07:30:50.213208",163,1,T
524,"2018-05-07 08:12:33.219171",NULL,0,"2018-05-07 08:12:33.219229",69,1,T
525,"2018-05-07 08:12:33.230520",NULL,0,"2018-05-07 08:12:33.230573",178,1,T
526,"2018-05-07 08:12:33.247274",NULL,0,"2018-05-07 08:12:33.247327",117,1,T
527,"2018-05-07 08:12:33.258602",NULL,0,"2018-05-07 08:12:33.258655",118,1,T
528,"2018-05-07 08:12:33.270501",NULL,0,"2018-05-07 08:12:33.270553",119,1,T
529,"2018-05-07 08:32:55.676891",NULL,0,"2018-05-07 08:32:55.676948",2,1,T
530,"2018-05-07 08:32:55.688767",NULL,0,"2018-05-07 08:32:55.688821",35,1,T
531,"2018-05-07 08:32:55.700369",NULL,0,"2018-05-07 08:32:55.700422",37,1,T
532,"2018-05-07 08:32:55.718519",NULL,0,"2018-05-07 08:32:55.718574",36,1,T
533,"2018-05-07 08:32:55.733588",NULL,0,"2018-05-07 08:32:55.733643",29,1,T
534,"2018-05-07 08:32:55.744644",NULL,0,"2018-05-07 08:32:55.744709",30,1,T
535,"2018-05-07 08:32:55.756683",NULL,0,"2018-05-07 08:32:55.756737",32,1,T
536,"2018-05-07 08:32:55.767522",NULL,0,"2018-05-07 08:32:55.767576",33,1,T
537,"2018-05-07 08:32:55.782350",NULL,0,"2018-05-07 08:32:55.782404",8,1,T
538,"2018-05-07 08:32:55.793191",NULL,0,"2018-05-07 08:32:55.793245",9,1,T
539,"2018-05-07 08:32:55.808894",NULL,0,"2018-05-07 08:32:55.808948",23,1,T
540,"2018-05-07 08:32:55.823513",NULL,0,"2018-05-07 08:32:55.823567",18,1,T
541,"2018-05-07 08:32:55.834652",NULL,0,"2018-05-07 08:32:55.834706",19,1,T
542,"2018-05-07 08:32:55.850353",NULL,0,"2018-05-07 08:32:55.850407",7,1,T
543,"2018-05-07 08:32:55.861737",NULL,0,"2018-05-07 08:32:55.861801",10,1,T
544,"2018-05-07 08:32:55.877457",NULL,0,"2018-05-07 08:32:55.877512",14,1,T
545,"2018-05-07 08:32:55.888951",NULL,0,"2018-05-07 08:32:55.889004",15,1,T
546,"2018-05-07 08:32:55.903708",NULL,0,"2018-05-07 08:32:55.903762",11,1,T
547,"2018-05-07 08:32:55.915016",NULL,0,"2018-05-07 08:32:55.915071",25,1,T
548,"2018-05-07 08:32:55.930251",NULL,0,"2018-05-07 08:32:55.930305",159,1,T
549,"2018-05-07 08:59:29.043629",NULL,0,"2018-05-07 08:59:29.043686",2,2,T
550,"2018-05-07 08:59:29.054854",NULL,0,"2018-05-07 08:59:29.054906",35,2,T
551,"2018-05-07 08:59:29.066707",NULL,0,"2018-05-07 08:59:29.066788",37,2,T
552,"2018-05-07 08:59:29.081645",NULL,0,"2018-05-07 08:59:29.081697",31,2,T
553,"2018-05-07 08:59:29.100587",NULL,0,"2018-05-07 08:59:29.100640",80,2,T
554,"2018-05-07 08:59:29.120107",NULL,0,"2018-05-07 08:59:29.120160",179,2,T
555,"2018-05-07 09:01:27.004227",NULL,0,"2018-05-07 09:01:27.004307",23,2,T
556,"2018-05-07 09:27:18.826963",NULL,0,"2018-05-07 09:27:18.827028",2,2,T
557,"2018-05-07 09:27:18.839091",NULL,0,"2018-05-07 09:27:18.839146",35,2,T
558,"2018-05-07 09:27:18.850372",NULL,0,"2018-05-07 09:27:18.850431",37,2,T
559,"2018-05-07 09:27:18.865824",NULL,0,"2018-05-07 09:27:18.865877",8,2,T
560,"2018-05-07 09:27:18.876567",NULL,0,"2018-05-07 09:27:18.876621",9,2,T
561,"2018-05-24 05:14:01.415174","2018-05-24 05:14:01.414233",1,"2018-05-24 05:14:01.415188",13,2,T
562,"2018-05-07 09:27:18.908831",NULL,0,"2018-05-07 09:27:18.908886",17,2,T
563,"2018-05-24 05:12:11.761855","2018-05-24 05:12:11.760953",1,"2018-05-24 05:12:11.761869",34,2,T
564,"2018-05-07 09:27:18.945811",NULL,0,"2018-05-07 09:27:18.945865",117,2,T
565,"2018-05-15 08:14:34.374312","2018-05-15 08:14:34.373314",1,"2018-05-15 08:14:34.374327",118,2,T
566,"2018-05-15 08:11:16.044724","2018-05-15 08:11:16.043780",1,"2018-05-15 08:11:16.044738",119,2,T
567,"2018-05-07 09:27:18.982575",NULL,0,"2018-05-07 09:27:18.982630",31,2,T
568,"2018-05-07 09:27:18.996687",NULL,0,"2018-05-07 09:27:18.996741",163,2,T
569,"2018-05-07 09:33:23.627322",NULL,0,"2018-05-07 09:33:23.627380",2,2,T
570,"2018-05-07 09:33:23.638935",NULL,0,"2018-05-07 09:33:23.638990",35,2,T
571,"2018-05-07 09:33:23.650325",NULL,0,"2018-05-07 09:33:23.650380",37,2,T
572,"2018-05-07 09:33:23.665150",NULL,0,"2018-05-07 09:33:23.665204",31,2,T
573,"2018-05-07 09:33:23.683830",NULL,0,"2018-05-07 09:33:23.683914",80,2,T
574,"2018-05-07 09:49:41.285223",NULL,0,"2018-05-07 09:49:41.285281",2,2,T
575,"2018-05-07 09:49:41.297255",NULL,0,"2018-05-07 09:49:41.297312",35,2,T
576,"2018-05-07 09:49:41.309693",NULL,0,"2018-05-07 09:49:41.309749",37,2,T
577,"2018-05-07 09:49:41.327454",NULL,0,"2018-05-07 09:49:41.327509",31,2,T
578,"2018-05-07 09:49:41.342396",NULL,0,"2018-05-07 09:49:41.342450",163,2,T
579,"2018-05-08 05:15:49.768381",NULL,0,"2018-05-08 05:15:49.768438",37,2,R
580,"2018-05-08 05:15:49.779868",NULL,0,"2018-05-08 05:15:49.779921",2,2,R
581,"2018-05-08 05:15:49.790867",NULL,0,"2018-05-08 05:15:49.790920",35,2,R
582,"2018-05-08 05:15:49.806127",NULL,0,"2018-05-08 05:15:49.806180",31,2,R
583,"2018-05-08 05:15:49.825493",NULL,0,"2018-05-08 05:15:49.825546",80,2,R
584,"2018-05-08 06:42:11.598165",NULL,0,"2018-05-08 06:42:11.598240",37,2,T
585,"2018-05-08 06:42:11.610135",NULL,0,"2018-05-08 06:42:11.610189",2,2,T
586,"2018-05-08 06:42:11.621613",NULL,0,"2018-05-08 06:42:11.621668",35,2,T
587,"2018-05-08 06:42:11.636713",NULL,0,"2018-05-08 06:42:11.636768",31,2,T
588,"2018-05-08 06:42:11.658027",NULL,0,"2018-05-08 06:42:11.658081",80,2,T
589,"2018-05-08 12:02:22.918249",NULL,0,"2018-05-08 12:02:22.918317",37,2,R
590,"2018-05-08 12:02:22.930425",NULL,0,"2018-05-08 12:02:22.930480",2,2,R
591,"2018-05-08 12:02:22.942149",NULL,0,"2018-05-08 12:02:22.942204",35,2,R
592,"2018-05-08 12:02:22.957304",NULL,0,"2018-05-08 12:02:22.957359",31,2,R
593,"2018-05-08 12:02:22.975609",NULL,0,"2018-05-08 12:02:22.975664",80,2,R
594,"2018-05-15 15:36:26.333560",NULL,0,"2018-05-15 15:36:26.333620",37,7,R
595,"2018-05-15 15:36:26.345705",NULL,0,"2018-05-15 15:36:26.345760",2,7,R
596,"2018-05-15 15:36:26.357140",NULL,0,"2018-05-15 15:36:26.357194",35,7,R
597,"2018-05-15 15:36:26.372444",NULL,0,"2018-05-15 15:36:26.372498",31,7,R
598,"2018-05-15 15:36:26.388361",NULL,0,"2018-05-15 15:36:26.388415",80,7,R
599,"2018-05-15 15:36:26.407451",NULL,0,"2018-05-15 15:36:26.407506",172,7,R
600,"2018-05-15 15:36:26.418750",NULL,0,"2018-05-15 15:36:26.418803",171,7,R
601,"2018-05-15 15:36:26.429928",NULL,0,"2018-05-15 15:36:26.429983",170,7,R
602,"2018-05-15 15:36:26.445205",NULL,0,"2018-05-15 15:36:26.445260",148,7,R
603,"2018-05-15 15:36:26.459929",NULL,0,"2018-05-15 15:36:26.459982",149,7,R
604,"2018-05-15 16:10:07.464381",NULL,0,"2018-05-15 16:10:07.464439",37,7,R
605,"2018-05-15 16:10:07.476604",NULL,0,"2018-05-15 16:10:07.476658",2,7,R
606,"2018-05-15 16:10:07.489541",NULL,0,"2018-05-15 16:10:07.489596",35,7,R
607,"2018-05-15 16:10:07.504630",NULL,0,"2018-05-15 16:10:07.504686",31,7,R
608,"2018-05-15 16:10:07.523093",NULL,0,"2018-05-15 16:10:07.523148",80,7,R
609,"2018-05-15 16:15:57.968544",NULL,0,"2018-05-15 16:15:57.968604",37,7,R
610,"2018-05-15 16:15:57.980223",NULL,0,"2018-05-15 16:15:57.980277",2,7,R
611,"2018-05-15 16:15:57.992478",NULL,0,"2018-05-15 16:15:57.992533",35,7,R
612,"2018-05-15 16:15:58.009803",NULL,0,"2018-05-15 16:15:58.009860",31,7,R
613,"2018-05-15 16:15:58.024570",NULL,0,"2018-05-15 16:15:58.024626",80,7,R
614,"2018-05-15 16:15:58.043457",NULL,0,"2018-05-15 16:15:58.043514",172,7,R
615,"2018-05-15 16:15:58.054166",NULL,0,"2018-05-15 16:15:58.054220",171,7,R
616,"2018-05-15 16:15:58.065236",NULL,0,"2018-05-15 16:15:58.065291",170,7,R
617,"2018-05-15 16:15:58.080066",NULL,0,"2018-05-15 16:15:58.080119",148,7,R
618,"2018-05-15 16:15:58.094615",NULL,0,"2018-05-15 16:15:58.094671",149,7,R
619,"2018-05-16 03:30:00.247369",NULL,0,"2018-05-16 03:30:00.247436",134,7,T
620,"2018-05-16 04:58:10.220530",NULL,0,"2018-05-16 04:58:10.220591",37,7,T
621,"2018-05-16 04:58:10.232379",NULL,0,"2018-05-16 04:58:10.232435",2,7,T
622,"2018-05-16 04:58:10.244072",NULL,0,"2018-05-16 04:58:10.244127",35,7,T
623,"2018-05-16 05:35:29.709214",NULL,0,"2018-05-16 05:35:29.709272",37,7,T
624,"2018-05-16 05:35:29.721662",NULL,0,"2018-05-16 05:35:29.721715",2,7,T
625,"2018-05-16 05:35:29.733734",NULL,0,"2018-05-16 05:35:29.733965",35,7,T
626,"2018-05-16 05:35:29.748968",NULL,0,"2018-05-16 05:35:29.749023",71,7,T
627,"2018-05-16 05:35:29.760045",NULL,0,"2018-05-16 05:35:29.760099",72,7,T
628,"2018-05-16 05:35:29.775914",NULL,0,"2018-05-16 05:35:29.775967",138,7,T
629,"2018-05-16 05:41:09.140758",NULL,0,"2018-05-16 05:41:09.140817",37,5,R
630,"2018-05-16 05:41:09.151446",NULL,0,"2018-05-16 05:41:09.151500",2,5,R
631,"2018-05-16 05:41:09.162740",NULL,0,"2018-05-16 05:41:09.162793",35,5,R
632,"2018-05-16 05:41:09.177889",NULL,0,"2018-05-16 05:41:09.177943",31,5,R
633,"2018-05-16 05:41:09.196628",NULL,0,"2018-05-16 05:41:09.196683",80,5,R
634,"2018-05-16 05:44:31.112355",NULL,0,"2018-05-16 05:44:31.112413",37,7,R
635,"2018-05-16 05:44:31.124500",NULL,0,"2018-05-16 05:44:31.124558",2,7,R
636,"2018-05-16 05:44:31.136296",NULL,0,"2018-05-16 05:44:31.136350",35,7,R
637,"2018-05-16 05:44:31.152358",NULL,0,"2018-05-16 05:44:31.152412",31,7,R
638,"2018-05-16 05:44:31.167507",NULL,0,"2018-05-16 05:44:31.167571",80,7,R
639,"2018-05-16 05:44:31.186798",NULL,0,"2018-05-16 05:44:31.186852",172,7,R
640,"2018-05-16 05:44:31.198905",NULL,0,"2018-05-16 05:44:31.198963",171,7,R
641,"2018-05-16 05:44:31.211461",NULL,0,"2018-05-16 05:44:31.211516",170,7,R
642,"2018-05-16 05:44:31.226466",NULL,0,"2018-05-16 05:44:31.226519",148,7,R
643,"2018-05-16 05:44:31.241724",NULL,0,"2018-05-16 05:44:31.241779",149,7,R
644,"2018-05-16 06:17:37.008483",NULL,0,"2018-05-16 06:17:37.008541",37,7,R
645,"2018-05-16 06:17:37.021102",NULL,0,"2018-05-16 06:17:37.021155",2,7,R
646,"2018-05-16 06:17:37.032867",NULL,0,"2018-05-16 06:17:37.032947",35,7,R
647,"2018-05-16 06:17:37.052370",NULL,0,"2018-05-16 06:17:37.052425",31,7,R
648,"2018-05-16 06:17:37.067998",NULL,0,"2018-05-16 06:17:37.068053",80,7,R
649,"2018-05-16 06:17:37.088707",NULL,0,"2018-05-16 06:17:37.088761",172,7,R
650,"2018-05-16 06:17:37.100852",NULL,0,"2018-05-16 06:17:37.100934",171,7,R
651,"2018-05-16 06:17:37.112469",NULL,0,"2018-05-16 06:17:37.112523",170,7,R
652,"2018-05-16 06:17:37.127967",NULL,0,"2018-05-16 06:17:37.128022",148,7,R
653,"2018-05-16 06:17:37.143922",NULL,0,"2018-05-16 06:17:37.143972",149,7,R
654,"2018-05-16 06:19:13.221449",NULL,0,"2018-05-16 06:19:13.221508",37,7,R
655,"2018-05-16 06:19:13.234040",NULL,0,"2018-05-16 06:19:13.234095",2,7,R
656,"2018-05-16 06:19:13.245955",NULL,0,"2018-05-16 06:19:13.246008",35,7,R
657,"2018-05-16 06:19:13.262525",NULL,0,"2018-05-16 06:19:13.262580",31,7,R
658,"2018-05-16 06:19:13.279098",NULL,0,"2018-05-16 06:19:13.279153",80,7,R
659,"2018-05-16 06:19:13.299544",NULL,0,"2018-05-16 06:19:13.299599",172,7,R
660,"2018-05-16 06:19:13.311287",NULL,0,"2018-05-16 06:19:13.311342",171,7,R
661,"2018-05-16 06:19:13.323211",NULL,0,"2018-05-16 06:19:13.323265",170,7,R
662,"2018-05-16 06:19:13.338494",NULL,0,"2018-05-16 06:19:13.338548",148,7,R
663,"2018-05-16 06:19:13.354119",NULL,0,"2018-05-16 06:19:13.354172",149,7,R
664,"2018-05-16 06:40:15.159641",NULL,0,"2018-05-16 06:40:15.159703",37,1,R
665,"2018-05-16 06:40:15.171074",NULL,0,"2018-05-16 06:40:15.171129",2,1,R
666,"2018-05-16 06:40:15.182915",NULL,0,"2018-05-16 06:40:15.182969",35,1,R
667,"2018-05-16 06:40:15.198237",NULL,0,"2018-05-16 06:40:15.198291",31,1,R
668,"2018-05-16 06:40:15.213555",NULL,0,"2018-05-16 06:40:15.213611",80,1,R
669,"2018-05-16 06:40:15.232444",NULL,0,"2018-05-16 06:40:15.232499",172,1,R
670,"2018-05-16 06:40:15.244200",NULL,0,"2018-05-16 06:40:15.244262",171,1,R
671,"2018-05-16 06:40:15.255680",NULL,0,"2018-05-16 06:40:15.255735",170,1,R
672,"2018-05-16 06:40:15.270983",NULL,0,"2018-05-16 06:40:15.271037",148,1,R
673,"2018-05-16 06:40:15.286055",NULL,0,"2018-05-16 06:40:15.286113",149,1,R
674,"2018-05-16 06:51:06.285015",NULL,0,"2018-05-16 06:51:06.285074",23,1,R
675,"2018-05-16 06:54:11.969166",NULL,0,"2018-05-16 06:54:11.969224",37,1,R
676,"2018-05-16 06:54:11.981228",NULL,0,"2018-05-16 06:54:11.981282",2,1,R
677,"2018-05-16 06:54:11.993003",NULL,0,"2018-05-16 06:54:11.993057",35,1,R
678,"2018-05-16 06:54:12.010038",NULL,0,"2018-05-16 06:54:12.010094",31,1,R
679,"2018-05-16 06:54:12.024351",NULL,0,"2018-05-16 06:54:12.024415",80,1,R
680,"2018-05-16 06:54:12.043516",NULL,0,"2018-05-16 06:54:12.043571",172,1,R
681,"2018-05-16 06:54:12.054970",NULL,0,"2018-05-16 06:54:12.055023",171,1,R
682,"2018-05-16 06:54:12.066747",NULL,0,"2018-05-16 06:54:12.066804",170,1,R
683,"2018-05-16 06:54:12.082273",NULL,0,"2018-05-16 06:54:12.082326",148,1,R
684,"2018-05-16 06:54:12.097513",NULL,0,"2018-05-16 06:54:12.097588",149,1,R
685,"2018-05-16 07:09:05.612218",NULL,0,"2018-05-16 07:09:05.612280",37,2,R
686,"2018-05-16 07:09:05.624090",NULL,0,"2018-05-16 07:09:05.624144",2,2,R
687,"2018-05-16 07:09:05.635354",NULL,0,"2018-05-16 07:09:05.635412",35,2,R
688,"2018-05-16 07:09:05.651081",NULL,0,"2018-05-16 07:09:05.651137",31,2,R
689,"2018-05-16 07:09:05.666518",NULL,0,"2018-05-16 07:09:05.666575",80,2,R
690,"2018-05-16 07:09:05.685715",NULL,0,"2018-05-16 07:09:05.685771",172,2,R
691,"2018-05-16 07:09:05.697798",NULL,0,"2018-05-16 07:09:05.697854",171,2,R
692,"2018-05-16 07:09:05.709209",NULL,0,"2018-05-16 07:09:05.709270",170,2,R
693,"2018-05-16 07:09:05.724449",NULL,0,"2018-05-16 07:09:05.724506",148,2,R
694,"2018-05-16 07:09:05.739889",NULL,0,"2018-05-16 07:09:05.739949",149,2,R
695,"2018-05-16 07:11:39.890277",NULL,0,"2018-05-16 07:11:39.890336",37,2,R
696,"2018-05-16 07:11:39.902534",NULL,0,"2018-05-16 07:11:39.902589",2,2,R
697,"2018-05-16 07:11:39.914804",NULL,0,"2018-05-16 07:11:39.914866",35,2,R
698,"2018-05-16 07:11:39.931147",NULL,0,"2018-05-16 07:11:39.931225",31,2,R
699,"2018-05-16 07:11:39.947114",NULL,0,"2018-05-16 07:11:39.947170",80,2,R
700,"2018-05-16 07:11:39.967438",NULL,0,"2018-05-16 07:11:39.967493",172,2,R
701,"2018-05-16 07:11:39.978706",NULL,0,"2018-05-16 07:11:39.978761",171,2,R
702,"2018-05-16 07:11:39.989920",NULL,0,"2018-05-16 07:11:39.989974",170,2,R
703,"2018-05-16 07:11:40.006108",NULL,0,"2018-05-16 07:11:40.006165",148,2,R
704,"2018-05-16 07:11:40.021967",NULL,0,"2018-05-16 07:11:40.022026",149,2,R
705,"2018-05-16 07:14:52.968006",NULL,0,"2018-05-16 07:14:52.968067",37,2,R
706,"2018-05-16 07:14:52.980089",NULL,0,"2018-05-16 07:14:52.980145",2,2,R
707,"2018-05-16 07:14:52.992156",NULL,0,"2018-05-16 07:14:52.992211",35,2,R
708,"2018-05-16 07:14:53.007724",NULL,0,"2018-05-16 07:14:53.007780",31,2,R
709,"2018-05-16 07:14:53.023661",NULL,0,"2018-05-16 07:14:53.023717",80,2,R
710,"2018-05-16 07:14:53.043342",NULL,0,"2018-05-16 07:14:53.043399",172,2,R
711,"2018-05-16 07:14:53.054825",NULL,0,"2018-05-16 07:14:53.054880",171,2,R
712,"2018-05-16 07:14:53.067195",NULL,0,"2018-05-16 07:14:53.067250",170,2,R
713,"2018-05-16 07:14:53.086678",NULL,0,"2018-05-16 07:14:53.086732",148,2,R
714,"2018-05-16 07:14:53.102586",NULL,0,"2018-05-16 07:14:53.102641",149,2,R
715,"2018-05-16 07:25:59.439651",NULL,0,"2018-05-16 07:25:59.439716",37,2,R
716,"2018-05-16 07:25:59.452229",NULL,0,"2018-05-16 07:25:59.452287",2,2,R
717,"2018-05-16 07:25:59.464884",NULL,0,"2018-05-16 07:25:59.464942",35,2,R
718,"2018-05-16 07:25:59.481676",NULL,0,"2018-05-16 07:25:59.481731",31,2,R
719,"2018-05-16 07:25:59.497599",NULL,0,"2018-05-16 07:25:59.497655",80,2,R
720,"2018-05-16 07:25:59.517751",NULL,0,"2018-05-16 07:25:59.517805",172,2,R
721,"2018-05-16 07:25:59.529849",NULL,0,"2018-05-16 07:25:59.529902",171,2,R
722,"2018-05-16 07:25:59.561588",NULL,0,"2018-05-16 07:25:59.561650",170,2,R
723,"2018-05-16 07:25:59.578277",NULL,0,"2018-05-16 07:25:59.578333",148,2,R
724,"2018-05-16 07:25:59.594089",NULL,0,"2018-05-16 07:25:59.594142",149,2,R
725,"2018-05-16 07:32:27.169499",NULL,0,"2018-05-16 07:32:27.169577",37,2,R
726,"2018-05-16 07:32:27.181671",NULL,0,"2018-05-16 07:32:27.181725",2,2,R
727,"2018-05-16 07:32:27.193502",NULL,0,"2018-05-16 07:32:27.193575",35,2,R
728,"2018-05-16 07:32:27.210043",NULL,0,"2018-05-16 07:32:27.210102",31,2,R
729,"2018-05-16 07:32:27.230133",NULL,0,"2018-05-16 07:32:27.230191",80,2,R
730,"2018-05-16 07:38:57.383647",NULL,0,"2018-05-16 07:38:57.383705",37,2,R
731,"2018-05-16 07:38:57.396272",NULL,0,"2018-05-16 07:38:57.396331",2,2,R
732,"2018-05-16 07:38:57.408185",NULL,0,"2018-05-16 07:38:57.408239",35,2,R
733,"2018-05-16 07:38:57.424109",NULL,0,"2018-05-16 07:38:57.424176",31,2,R
734,"2018-05-16 07:38:57.439671",NULL,0,"2018-05-16 07:38:57.439727",80,2,R
735,"2018-05-16 07:38:57.459971",NULL,0,"2018-05-16 07:38:57.460026",172,2,R
736,"2018-05-16 07:38:57.471886",NULL,0,"2018-05-16 07:38:57.471940",171,2,R
737,"2018-05-16 07:38:57.483449",NULL,0,"2018-05-16 07:38:57.483502",170,2,R
738,"2018-05-16 07:38:57.498573",NULL,0,"2018-05-16 07:38:57.498627",148,2,R
739,"2018-05-16 07:38:57.514373",NULL,0,"2018-05-16 07:38:57.514427",149,2,R
740,"2018-05-16 07:56:01.040666",NULL,0,"2018-05-16 07:56:01.040723",134,4,T
741,"2018-05-16 08:10:10.455744",NULL,0,"2018-05-16 08:10:10.455803",37,4,R
742,"2018-05-16 08:10:10.467314",NULL,0,"2018-05-16 08:10:10.467372",2,4,R
743,"2018-05-16 08:10:10.478980",NULL,0,"2018-05-16 08:10:10.479036",35,4,R
744,"2018-05-16 08:10:10.495424",NULL,0,"2018-05-16 08:10:10.495478",36,4,R
745,"2018-05-16 08:10:10.511540",NULL,0,"2018-05-16 08:10:10.511596",33,4,R
746,"2018-05-16 08:10:10.523428",NULL,0,"2018-05-16 08:10:10.523483",32,4,R
747,"2018-05-16 08:10:10.534983",NULL,0,"2018-05-16 08:10:10.535043",30,4,R
748,"2018-05-16 08:10:10.546615",NULL,0,"2018-05-16 08:10:10.546671",29,4,R
749,"2018-05-16 08:10:10.562452",NULL,0,"2018-05-16 08:10:10.562512",9,4,R
750,"2018-05-16 08:10:10.573381",NULL,0,"2018-05-16 08:10:10.573436",8,4,R
751,"2018-05-16 08:10:10.588785",NULL,0,"2018-05-16 08:10:10.588839",23,4,R
752,"2018-05-16 08:10:10.604325",NULL,0,"2018-05-16 08:10:10.604381",19,4,R
753,"2018-05-16 08:10:10.615106",NULL,0,"2018-05-16 08:10:10.615160",18,4,R
754,"2018-05-16 08:10:10.630270",NULL,0,"2018-05-16 08:10:10.630327",10,4,R
755,"2018-05-16 08:10:10.641796",NULL,0,"2018-05-16 08:10:10.641852",7,4,R
756,"2018-05-16 08:10:10.657646",NULL,0,"2018-05-16 08:10:10.657702",14,4,R
757,"2018-05-16 08:10:10.669020",NULL,0,"2018-05-16 08:10:10.669075",15,4,R
758,"2018-05-16 08:10:10.685167",NULL,0,"2018-05-16 08:10:10.685222",25,4,R
759,"2018-05-16 08:10:10.697693",NULL,0,"2018-05-16 08:10:10.697747",11,4,R
760,"2018-05-16 08:10:10.713318",NULL,0,"2018-05-16 08:10:10.713373",119,4,R
761,"2018-05-16 08:10:10.724297",NULL,0,"2018-05-16 08:10:10.724350",118,4,R
762,"2018-05-16 08:10:10.735223",NULL,0,"2018-05-16 08:10:10.735277",117,4,R
763,"2018-05-16 08:10:10.750638",NULL,0,"2018-05-16 08:10:10.750692",159,4,R
764,"2018-05-16 08:18:23.046318",NULL,0,"2018-05-16 08:18:23.046376",37,5,R
765,"2018-05-16 08:18:23.057866",NULL,0,"2018-05-16 08:18:23.057921",2,5,R
766,"2018-05-16 08:18:23.069068",NULL,0,"2018-05-16 08:18:23.069123",35,5,R
767,"2018-05-16 08:18:23.085180",NULL,0,"2018-05-16 08:18:23.085236",119,5,R
768,"2018-05-16 08:18:23.096777",NULL,0,"2018-05-16 08:18:23.096834",118,5,R
769,"2018-05-16 08:18:23.108851",NULL,0,"2018-05-16 08:18:23.108904",117,5,R
770,"2018-05-16 08:18:23.124405",NULL,0,"2018-05-16 08:18:23.124457",31,5,R
771,"2018-05-16 08:18:23.144133",NULL,0,"2018-05-16 08:18:23.144189",80,5,R
772,"2018-05-17 04:55:38.078855",NULL,0,"2018-05-17 04:55:38.078914",37,1,R
773,"2018-05-17 04:55:38.091253",NULL,0,"2018-05-17 04:55:38.091312",2,1,R
774,"2018-05-17 04:55:38.102159",NULL,0,"2018-05-17 04:55:38.102213",35,1,R
775,"2018-05-17 04:55:38.117500",NULL,0,"2018-05-17 04:55:38.117562",31,1,R
776,"2018-05-17 04:55:38.137414",NULL,0,"2018-05-17 04:55:38.137464",80,1,R
777,"2018-05-17 05:21:27.233537",NULL,0,"2018-05-17 05:21:27.233614",37,5,R
778,"2018-05-17 05:21:27.245802",NULL,0,"2018-05-17 05:21:27.245857",2,5,R
779,"2018-05-17 05:21:27.257972",NULL,0,"2018-05-17 05:21:27.258029",35,5,R
780,"2018-05-17 05:21:27.273552",NULL,0,"2018-05-17 05:21:27.273630",31,5,R
781,"2018-05-17 05:21:27.292651",NULL,0,"2018-05-17 05:21:27.292705",80,5,R
782,"2018-05-17 05:37:38.849191",NULL,0,"2018-05-17 05:37:38.849253",134,5,R
783,"2018-05-17 09:32:30.931450",NULL,0,"2018-05-17 09:32:30.931509",37,4,R
784,"2018-05-17 09:32:30.943132",NULL,0,"2018-05-17 09:32:30.943195",2,4,R
785,"2018-05-17 09:32:30.954797",NULL,0,"2018-05-17 09:32:30.954851",35,4,R
786,"2018-05-17 09:32:30.975134",NULL,0,"2018-05-17 09:32:30.975189",67,4,R
787,"2018-05-17 09:32:30.990347",NULL,0,"2018-05-17 09:32:30.990404",137,4,R
788,"2018-05-17 09:32:31.006050",NULL,0,"2018-05-17 09:32:31.006109",158,4,R
789,"2018-05-17 09:32:31.020027",NULL,0,"2018-05-17 09:32:31.020090",157,4,R
790,"2018-05-17 09:32:31.032266",NULL,0,"2018-05-17 09:32:31.032322",154,4,R
791,"2018-05-17 09:32:31.044386",NULL,0,"2018-05-17 09:32:31.044442",153,4,R
792,"2018-05-17 09:32:31.063167",NULL,0,"2018-05-17 09:32:31.063227",159,4,R
793,"2018-05-17 09:32:31.079187",NULL,0,"2018-05-17 09:32:31.079246",138,4,R
794,"2018-05-17 09:32:31.098257",NULL,0,"2018-05-17 09:32:31.098313",119,4,R
795,"2018-05-17 09:32:31.109145",NULL,0,"2018-05-17 09:32:31.109199",118,4,R
796,"2018-05-17 09:32:31.120662",NULL,0,"2018-05-17 09:32:31.120724",117,4,R
797,"2018-05-17 09:32:31.136257",NULL,0,"2018-05-17 09:32:31.136312",31,4,R
798,"2018-05-17 09:32:31.155454",NULL,0,"2018-05-17 09:32:31.155510",80,4,R
799,"2018-05-17 10:16:56.959836",NULL,0,"2018-05-17 10:16:56.959893",119,6,R
800,"2018-05-17 10:16:56.971093",NULL,0,"2018-05-17 10:16:56.971145",118,6,R
801,"2018-05-17 10:16:56.982513",NULL,0,"2018-05-17 10:16:56.982566",117,6,R
802,"2018-05-17 10:16:56.998642",NULL,0,"2018-05-17 10:16:56.998696",134,6,R
803,"2018-05-17 10:26:26.505563",NULL,0,"2018-05-17 10:26:26.505638",134,6,R
804,"2018-05-17 10:40:49.420872",NULL,0,"2018-05-17 10:40:49.420940",37,4,R
805,"2018-05-17 10:40:49.432914",NULL,0,"2018-05-17 10:40:49.432967",2,4,R
806,"2018-05-17 10:40:49.444186",NULL,0,"2018-05-17 10:40:49.444240",35,4,R
807,"2018-05-17 10:40:49.459719",NULL,0,"2018-05-17 10:40:49.459774",31,4,R
808,"2018-05-17 10:40:49.478924",NULL,0,"2018-05-17 10:40:49.478987",163,4,R
809,"2018-05-17 12:17:39.932598",NULL,0,"2018-05-17 12:17:39.932658",37,2,R
810,"2018-05-17 12:17:39.944890",NULL,0,"2018-05-17 12:17:39.944946",2,2,R
811,"2018-05-17 12:17:39.957579",NULL,0,"2018-05-17 12:17:39.957636",35,2,R
812,"2018-05-17 12:17:39.973371",NULL,0,"2018-05-17 12:17:39.973425",31,2,R
813,"2018-05-17 12:17:39.992610",NULL,0,"2018-05-17 12:17:39.992677",80,2,R
814,"2018-05-17 12:19:04.110988",NULL,0,"2018-05-17 12:19:04.111045",37,1,R
815,"2018-05-17 12:19:04.123058",NULL,0,"2018-05-17 12:19:04.123121",2,1,R
816,"2018-05-17 12:19:04.135139",NULL,0,"2018-05-17 12:19:04.135192",35,1,R
817,"2018-05-17 12:19:04.150725",NULL,0,"2018-05-17 12:19:04.150778",31,1,R
818,"2018-05-17 12:19:04.170951",NULL,0,"2018-05-17 12:19:04.171003",80,1,R
819,"2018-05-17 12:26:20.061096",NULL,0,"2018-05-17 12:26:20.061156",37,1,R
820,"2018-05-17 12:26:20.073555",NULL,0,"2018-05-17 12:26:20.073630",2,1,R
821,"2018-05-17 12:26:20.085414",NULL,0,"2018-05-17 12:26:20.085469",35,1,R
822,"2018-05-17 12:26:20.102236",NULL,0,"2018-05-17 12:26:20.102291",31,1,R
823,"2018-05-18 10:29:44.148455",NULL,0,"2018-05-18 10:29:44.148516",37,1,R
824,"2018-05-18 10:29:44.160965",NULL,0,"2018-05-18 10:29:44.161028",2,1,R
825,"2018-05-18 10:29:44.173259",NULL,0,"2018-05-18 10:29:44.173314",35,1,R
826,"2018-05-18 10:29:44.189217",NULL,0,"2018-05-18 10:29:44.189273",31,1,R
827,"2018-05-18 10:29:44.209157",NULL,0,"2018-05-18 10:29:44.209212",80,1,R
828,"2018-05-18 10:36:48.502637",NULL,0,"2018-05-18 10:36:48.502695",37,7,R
829,"2018-05-18 10:36:48.515271",NULL,0,"2018-05-18 10:36:48.515324",2,7,R
830,"2018-05-18 10:36:48.527702",NULL,0,"2018-05-18 10:36:48.527759",35,7,R
831,"2018-05-18 10:36:48.543759",NULL,0,"2018-05-18 10:36:48.543813",31,7,R
832,"2018-05-18 10:36:48.563134",NULL,0,"2018-05-18 10:36:48.563188",80,7,R
833,"2018-05-18 11:09:39.306948",NULL,0,"2018-05-18 11:09:39.307009",37,1,R
834,"2018-05-18 11:09:39.319031",NULL,0,"2018-05-18 11:09:39.319085",2,1,R
835,"2018-05-18 11:09:39.332570",NULL,0,"2018-05-18 11:09:39.332624",35,1,R
836,"2018-05-18 11:09:39.349846",NULL,0,"2018-05-18 11:09:39.349900",31,1,R
837,"2018-05-18 11:09:39.369412",NULL,0,"2018-05-18 11:09:39.369465",80,1,R
838,"2018-05-18 11:12:40.553806",NULL,0,"2018-05-18 11:12:40.553869",37,1,R
839,"2018-05-18 11:12:40.565288",NULL,0,"2018-05-18 11:12:40.565342",2,1,R
840,"2018-05-18 11:12:40.575780",NULL,0,"2018-05-18 11:12:40.575835",35,1,R
841,"2018-05-18 11:12:40.591419",NULL,0,"2018-05-18 11:12:40.591473",31,1,R
842,"2018-05-18 11:12:40.611276",NULL,0,"2018-05-18 11:12:40.611334",80,1,R
843,"2018-05-21 09:22:45.530587",NULL,0,"2018-05-21 09:22:45.530645",37,2,R
844,"2018-05-21 09:22:45.542929",NULL,0,"2018-05-21 09:22:45.542985",2,2,R
845,"2018-05-21 09:22:45.555133",NULL,0,"2018-05-21 09:22:45.555187",35,2,R
846,"2018-05-21 09:22:45.570330",NULL,0,"2018-05-21 09:22:45.570386",31,2,R
847,"2018-05-21 09:22:45.588614",NULL,0,"2018-05-21 09:22:45.588668",80,2,R
848,"2018-05-21 10:53:37.058187",NULL,0,"2018-05-21 10:53:37.058245",37,6,R
849,"2018-05-21 10:53:37.069905",NULL,0,"2018-05-21 10:53:37.069959",2,6,R
850,"2018-05-21 10:53:37.081841",NULL,0,"2018-05-21 10:53:37.081896",35,6,R
851,"2018-05-21 10:53:37.096180",NULL,0,"2018-05-21 10:53:37.096234",138,6,R
852,"2018-05-21 10:53:37.114117",NULL,0,"2018-05-21 10:53:37.114173",31,6,R
853,"2018-05-21 10:53:37.132001",NULL,0,"2018-05-21 10:53:37.132057",80,6,R
854,"2018-05-22 11:08:06.447536",NULL,0,"2018-05-22 11:08:06.447595",134,6,R
855,"2018-05-22 13:18:36.334308",NULL,0,"2018-05-22 13:18:36.334372",37,6,R
856,"2018-05-22 13:18:36.345759",NULL,0,"2018-05-22 13:18:36.345814",2,6,R
857,"2018-05-22 13:18:36.357237",NULL,0,"2018-05-22 13:18:36.357293",35,6,R
858,"2018-05-22 13:18:36.371673",NULL,0,"2018-05-22 13:18:36.371728",31,6,R
859,"2018-05-22 13:18:36.390875",NULL,0,"2018-05-22 13:18:36.390931",80,6,R
860,"2018-05-23 09:41:48.386745",NULL,0,"2018-05-23 09:41:48.386805",37,4,R
861,"2018-05-23 09:41:48.398487",NULL,0,"2018-05-23 09:41:48.398540",2,4,R
862,"2018-05-23 09:41:48.409752",NULL,0,"2018-05-23 09:41:48.409806",35,4,R
863,"2018-05-23 09:41:48.425554",NULL,0,"2018-05-23 09:41:48.425608",31,4,R
864,"2018-05-23 09:41:48.444155",NULL,0,"2018-05-23 09:41:48.444210",80,4,R
865,"2018-05-23 09:46:01.728743",NULL,0,"2018-05-23 09:46:01.728800",37,4,R
866,"2018-05-23 09:46:01.740748",NULL,0,"2018-05-23 09:46:01.740801",2,4,R
867,"2018-05-23 09:46:01.752363",NULL,0,"2018-05-23 09:46:01.752415",35,4,R
868,"2018-05-23 09:46:01.767234",NULL,0,"2018-05-23 09:46:01.767289",31,4,R
869,"2018-05-23 09:46:01.786525",NULL,0,"2018-05-23 09:46:01.786580",80,4,R
870,"2018-05-23 13:21:13.091726",NULL,0,"2018-05-23 13:21:13.091786",37,6,R
871,"2018-05-23 13:21:13.102956",NULL,0,"2018-05-23 13:21:13.103018",2,6,R
872,"2018-05-23 13:21:13.114407",NULL,0,"2018-05-23 13:21:13.114464",35,6,R
873,"2018-05-23 13:21:13.128921",NULL,0,"2018-05-23 13:21:13.128975",26,6,R
874,"2018-05-23 13:21:13.139262",NULL,0,"2018-05-23 13:21:13.139316",24,6,R
875,"2018-05-23 13:21:13.153617",NULL,0,"2018-05-23 13:21:13.153676",22,6,R
876,"2018-05-23 13:21:13.167942",NULL,0,"2018-05-23 13:21:13.167995",21,6,R
877,"2018-05-23 13:21:13.181997",NULL,0,"2018-05-23 13:21:13.182051",40,6,R
878,"2018-05-23 13:21:13.196220",NULL,0,"2018-05-23 13:21:13.196277",69,6,R
879,"2018-05-23 13:21:13.209090",NULL,0,"2018-05-23 13:21:13.209151",178,6,R
880,"2018-05-23 13:21:13.223393",NULL,0,"2018-05-23 13:21:13.223446",119,6,R
881,"2018-05-23 13:21:13.234002",NULL,0,"2018-05-23 13:21:13.234056",118,6,R
882,"2018-05-23 13:21:13.244783",NULL,0,"2018-05-23 13:21:13.244839",117,6,R
883,"2018-05-23 13:39:55.418743",NULL,0,"2018-05-23 13:39:55.418802",37,1,R
884,"2018-05-23 13:39:55.431269",NULL,0,"2018-05-23 13:39:55.431323",2,1,R
885,"2018-05-23 13:39:55.442975",NULL,0,"2018-05-23 13:39:55.443030",35,1,R
886,"2018-05-23 13:39:55.458315",NULL,0,"2018-05-23 13:39:55.458370",31,1,R
887,"2018-05-23 13:39:55.476877",NULL,0,"2018-05-23 13:39:55.476938",80,1,R
888,"2018-05-23 13:40:49.807061",NULL,0,"2018-05-23 13:40:49.807120",37,7,R
889,"2018-05-23 13:40:49.818470",NULL,0,"2018-05-23 13:40:49.818524",2,7,R
890,"2018-05-23 13:40:49.829867",NULL,0,"2018-05-23 13:40:49.829925",35,7,R
891,"2018-05-23 13:40:49.844965",NULL,0,"2018-05-23 13:40:49.845020",31,7,R
892,"2018-05-23 13:40:49.863529",NULL,0,"2018-05-23 13:40:49.863585",80,7,R
893,"2018-05-28 07:36:41.031069",NULL,0,"2018-05-28 07:36:41.031131",37,5,R
894,"2018-05-28 07:36:41.042772",NULL,0,"2018-05-28 07:36:41.042826",2,5,R
895,"2018-05-28 07:36:41.054087",NULL,0,"2018-05-28 07:36:41.054141",35,5,R
896,"2018-05-28 07:36:41.070966",NULL,0,"2018-05-28 07:36:41.071020",31,5,R
897,"2018-05-28 07:36:41.089427",NULL,0,"2018-05-28 07:36:41.089481",80,5,R
898,"2018-05-28 12:52:08.393406",NULL,0,"2018-05-28 12:52:08.393464",37,6,R
899,"2018-05-28 12:52:08.405502",NULL,0,"2018-05-28 12:52:08.405557",2,6,R
900,"2018-05-28 12:52:08.417320",NULL,0,"2018-05-28 12:52:08.417374",35,6,R
901,"2018-05-28 12:52:08.433088",NULL,0,"2018-05-28 12:52:08.433153",31,6,R
902,"2018-05-28 12:52:08.452845",NULL,0,"2018-05-28 12:52:08.452898",80,6,R
903,"2018-05-29 12:49:38.897408",NULL,0,"2018-05-29 12:49:38.897470",162,1,R
904,"2018-05-30 07:19:11.175978",NULL,0,"2018-05-30 07:19:11.176039",37,2,R
905,"2018-05-30 07:19:11.187688",NULL,0,"2018-05-30 07:19:11.187743",2,2,R
906,"2018-05-30 07:19:11.199411",NULL,0,"2018-05-30 07:19:11.199465",35,2,R
907,"2018-05-30 07:19:11.215992",NULL,0,"2018-05-30 07:19:11.216048",31,2,R
908,"2018-05-30 07:19:11.235130",NULL,0,"2018-05-30 07:19:11.235184",162,2,R
909,"2018-05-30 07:19:11.251950",NULL,0,"2018-05-30 07:19:11.252006",80,2,R
910,"2018-05-30 07:42:45.101689",NULL,0,"2018-05-30 07:42:45.101750",37,2,R
911,"2018-05-30 07:42:45.113480",NULL,0,"2018-05-30 07:42:45.113535",2,2,R
912,"2018-05-30 07:42:45.124955",NULL,0,"2018-05-30 07:42:45.125009",35,2,R
913,"2018-05-30 07:42:45.140277",NULL,0,"2018-05-30 07:42:45.140333",36,2,R
914,"2018-05-30 07:42:45.156023",NULL,0,"2018-05-30 07:42:45.156080",33,2,R
915,"2018-05-30 07:42:45.167552",NULL,0,"2018-05-30 07:42:45.167607",32,2,R
916,"2018-05-30 07:42:45.178796",NULL,0,"2018-05-30 07:42:45.178850",30,2,R
917,"2018-05-30 07:42:45.190421",NULL,0,"2018-05-30 07:42:45.190476",29,2,R
918,"2018-05-30 07:42:45.205629",NULL,0,"2018-05-30 07:42:45.205684",9,2,R
919,"2018-05-30 07:42:45.217597",NULL,0,"2018-05-30 07:42:45.217651",8,2,R
920,"2018-05-30 07:42:45.232674",NULL,0,"2018-05-30 07:42:45.232729",25,2,R
921,"2018-05-30 07:42:45.243777",NULL,0,"2018-05-30 07:42:45.243831",11,2,R
922,"2018-05-30 07:42:45.263794",NULL,0,"2018-05-30 07:42:45.263854",137,2,R
923,"2018-05-30 07:42:45.279829",NULL,0,"2018-05-30 07:42:45.279884",158,2,R
924,"2018-05-30 07:42:45.291907",NULL,0,"2018-05-30 07:42:45.291962",157,2,R
925,"2018-05-30 07:42:45.303511",NULL,0,"2018-05-30 07:42:45.303567",154,2,R
926,"2018-05-30 07:42:45.314350",NULL,0,"2018-05-30 07:42:45.314416",153,2,R
927,"2018-05-30 07:42:45.332909",NULL,0,"2018-05-30 07:42:45.332963",159,2,R
928,"2018-05-30 07:42:45.348218",NULL,0,"2018-05-30 07:42:45.348272",138,2,R
929,"2018-05-30 08:58:23.214533",NULL,0,"2018-05-30 08:58:23.214592",37,2,R
930,"2018-05-30 08:58:23.226181",NULL,0,"2018-05-30 08:58:23.226236",2,2,R
931,"2018-05-30 08:58:23.237873",NULL,0,"2018-05-30 08:58:23.237928",35,2,R
932,"2018-05-30 08:58:23.253574",NULL,0,"2018-05-30 08:58:23.253629",119,2,R
933,"2018-05-30 08:58:23.264090",NULL,0,"2018-05-30 08:58:23.264144",118,2,R
934,"2018-05-30 08:58:23.277142",NULL,0,"2018-05-30 08:58:23.277198",117,2,R
935,"2018-05-30 08:58:23.292520",NULL,0,"2018-05-30 08:58:23.292574",31,2,R
936,"2018-05-30 08:58:23.311366",NULL,0,"2018-05-30 08:58:23.311420",80,2,R
937,"2018-05-30 10:06:35.120406",NULL,0,"2018-05-30 10:06:35.120467",119,1,R
938,"2018-05-30 10:06:35.132038",NULL,0,"2018-05-30 10:06:35.132097",118,1,R
939,"2018-05-30 10:06:35.143124",NULL,0,"2018-05-30 10:06:35.143180",117,1,R
940,"2018-05-30 10:06:35.163389",NULL,0,"2018-05-30 10:06:35.163447",37,1,R
941,"2018-05-30 10:06:35.175731",NULL,0,"2018-05-30 10:06:35.175789",2,1,R
942,"2018-05-30 10:06:35.188165",NULL,0,"2018-05-30 10:06:35.188220",35,1,R
943,"2018-05-30 10:06:35.204218",NULL,0,"2018-05-30 10:06:35.204274",31,1,R
944,"2018-05-30 11:26:05.760772",NULL,0,"2018-05-30 11:26:05.760831",37,1,R
945,"2018-05-30 11:26:05.773321",NULL,0,"2018-05-30 11:26:05.773377",2,1,R
946,"2018-05-30 11:26:05.784827",NULL,0,"2018-05-30 11:26:05.784882",35,1,R
947,"2018-05-30 11:26:05.800037",NULL,0,"2018-05-30 11:26:05.800092",31,1,R
948,"2018-05-30 11:26:05.819614",NULL,0,"2018-05-30 11:26:05.819669",80,1,R
949,"2018-05-30 11:26:05.839426",NULL,0,"2018-05-30 11:26:05.839483",9,1,R
950,"2018-05-30 11:26:05.851176",NULL,0,"2018-05-30 11:26:05.851232",8,1,R
951,"2018-05-30 12:14:26.652927",NULL,0,"2018-05-30 12:14:26.652984",37,1,R
952,"2018-05-30 12:14:26.665019",NULL,0,"2018-05-30 12:14:26.665073",2,1,R
953,"2018-05-30 12:14:26.677030",NULL,0,"2018-05-30 12:14:26.677084",35,1,R
954,"2018-05-30 12:14:26.691881",NULL,0,"2018-05-30 12:14:26.691941",9,1,R
955,"2018-05-30 12:14:26.702730",NULL,0,"2018-05-30 12:14:26.702784",8,1,R
956,"2018-05-30 12:14:26.717428",NULL,0,"2018-05-30 12:14:26.717487",13,1,R
957,"2018-05-30 12:14:26.736056",NULL,0,"2018-05-30 12:14:26.736111",17,1,R
958,"2018-05-30 12:14:26.750325",NULL,0,"2018-05-30 12:14:26.750382",34,1,R
959,"2018-05-30 12:14:26.772200",NULL,0,"2018-05-30 12:14:26.772256",142,1,R
960,"2018-05-30 12:14:26.783136",NULL,0,"2018-05-30 12:14:26.783192",141,1,R
961,"2018-05-30 12:51:14.569951",NULL,0,"2018-05-30 12:51:14.570011",37,1,R
962,"2018-05-30 12:51:14.581933",NULL,0,"2018-05-30 12:51:14.581988",2,1,R
963,"2018-05-30 12:51:14.593943",NULL,0,"2018-05-30 12:51:14.594003",35,1,R
964,"2018-05-30 12:51:14.609794",NULL,0,"2018-05-30 12:51:14.609850",31,1,R
965,"2018-05-30 12:51:14.628374",NULL,0,"2018-05-30 12:51:14.628427",80,1,R
966,"2018-05-31 04:27:25.017994",NULL,0,"2018-05-31 04:27:25.018051",37,1,R
967,"2018-05-31 04:27:25.029929",NULL,0,"2018-05-31 04:27:25.029983",2,1,R
968,"2018-05-31 04:27:25.041544",NULL,0,"2018-05-31 04:27:25.041625",35,1,R
969,"2018-05-31 04:27:25.057272",NULL,0,"2018-05-31 04:27:25.057326",31,1,R
970,"2018-05-31 04:27:25.075497",NULL,0,"2018-05-31 04:27:25.075553",80,1,R
971,"2018-05-31 08:56:39.185993",NULL,0,"2018-05-31 08:56:39.186051",37,2,R
972,"2018-05-31 08:56:39.197972",NULL,0,"2018-05-31 08:56:39.198026",2,2,R
973,"2018-05-31 08:56:39.209752",NULL,0,"2018-05-31 08:56:39.209806",35,2,R
974,"2018-05-31 08:56:39.224828",NULL,0,"2018-05-31 08:56:39.224882",31,2,R
975,"2018-05-31 08:56:39.243541",NULL,0,"2018-05-31 08:56:39.243596",80,2,R
976,"2018-05-31 12:06:33.716053",NULL,0,"2018-05-31 12:06:33.716116",37,1,R
977,"2018-05-31 12:06:33.727833",NULL,0,"2018-05-31 12:06:33.727887",2,1,R
978,"2018-05-31 12:06:33.739412",NULL,0,"2018-05-31 12:06:33.739467",35,1,R
979,"2018-05-31 12:06:33.755464",NULL,0,"2018-05-31 12:06:33.755518",31,1,R
980,"2018-05-31 12:06:33.777174",NULL,0,"2018-05-31 12:06:33.777229",80,1,R
981,"2018-06-01 05:35:55.379289",NULL,0,"2018-06-01 05:35:55.379348",37,2,T
982,"2018-06-01 05:35:55.391830",NULL,0,"2018-06-01 05:35:55.391889",2,2,T
983,"2018-06-01 05:35:55.403589",NULL,0,"2018-06-01 05:35:55.403650",35,2,T
984,"2018-06-01 05:35:55.418817",NULL,0,"2018-06-01 05:35:55.418872",31,2,T
985,"2018-06-01 05:35:55.434664",NULL,0,"2018-06-01 05:35:55.434717",23,2,R
986,"2018-06-01 05:35:55.449933",NULL,0,"2018-06-01 05:35:55.449990",138,2,R
987,"2018-06-01 05:35:55.465453",NULL,0,"2018-06-01 05:35:55.465505",162,2,R
988,"2018-06-01 05:35:55.480483",NULL,0,"2018-06-01 05:35:55.480536",163,2,R
989,"2018-06-01 05:35:55.495917",NULL,0,"2018-06-01 05:35:55.495970",119,2,T
990,"2018-06-01 05:35:55.506909",NULL,0,"2018-06-01 05:35:55.506962",118,2,T
991,"2018-06-01 05:35:55.518311",NULL,0,"2018-06-01 05:35:55.518364",117,2,T
992,"2018-06-01 05:55:44.803687",NULL,0,"2018-06-01 05:55:44.803744",37,4,T
993,"2018-06-01 05:55:44.814860",NULL,0,"2018-06-01 05:55:44.814915",2,4,T
994,"2018-06-01 05:55:44.827960",NULL,0,"2018-06-01 05:55:44.828018",35,4,T
995,"2018-06-01 05:55:44.844101",NULL,0,"2018-06-01 05:55:44.844160",31,4,T
996,"2018-06-01 05:55:44.863509",NULL,0,"2018-06-01 05:55:44.863567",80,4,T
997,"2018-06-01 06:02:43.869857",NULL,0,"2018-06-01 06:02:43.869916",37,4,T
998,"2018-06-01 06:02:43.881426",NULL,0,"2018-06-01 06:02:43.881480",2,4,T
999,"2018-06-01 06:02:43.892926",NULL,0,"2018-06-01 06:02:43.892981",35,4,T
1000,"2018-06-01 06:02:43.912126",NULL,0,"2018-06-01 06:02:43.912181",31,4,T
1001,"2018-06-01 06:02:43.931647",NULL,0,"2018-06-01 06:02:43.931704",80,4,T
1002,"2018-06-01 06:04:28.218380",NULL,0,"2018-06-01 06:04:28.218457",37,1,R
1003,"2018-06-01 06:04:28.231741",NULL,0,"2018-06-01 06:04:28.231797",2,1,R
1004,"2018-06-01 06:04:28.243085",NULL,0,"2018-06-01 06:04:28.243140",35,1,R
